{	
    "name": "academico/aluno/contract/c0002",
    "comment": "Lista a situação dos alunos. Web service para UnB Idiomas",
    "owner": "auth_user",
    "service" : "ems_api_query_service:find",
    "url": "academico/aluno/contract/c0002",
    "type": "GET",
    "authorization": "basic",
    "lang" : "erlang",
    "datasource" : {
        "type" : "mnesia",
        "table_name" : ["user_aluno_ativo_db", "user_aluno_inativo_db"],
        "fields" : ["login", "name", "active"]
    },
    "schema_in" : "user",
    "schema_out" : "user",
    "querystring": [
            {
                "name": "filter",
                "type": "string",
                "default" : "",
                "comment": "Filtro principal da pesquisa"
            },
            {
                "name": "fields",
                "type": "string",
                "default" : "",
                "comment": "Campos que devem ser retornados na pesquisa"
            },
            {
                "name": "limit",
                "type": "int",
                "default" : "100",
                "comment": "Quantidade máxima de registros retornados"
            },
            {
                "name": "offset",
                "type": "int",
                "default" : "1",
                "comment": "Offset retornado da consulta"
            },
            {
                "name": "sort",
                "type": "string",
                "default" : "",
                "comment": "Campos que devem ser ordenados"
            }
        ]	
}
