[
	{
		"name" : "/academico/departamento",
		"comment": "Lista os departamentos disponíveis.",
		"owner": "unb_servicos",
		"version": "1.0.0",
		"service" : "br.unb.academico.facade.DepartamentoFacade:listarDepartamentos",
		"url": "/academico/departamento",
		"type": "GET",
		"lang": "java",
		"querystring": [
			{
				"name": "filter",
				"type": "string",
				"default" : "",
				"comment": "Filtro principal da pesquisa"
			},
			{
				"name": "fields",
				"type": "string",
				"default" : "",
				"comment": "Campos que devem ser retornados na pesquisa"
			},
			{
				"name": "offset",
				"type": "int",
				"default" : "0",
				"comment": "Limite inicial do paginador"
			},
			{
				"name": "limit",
				"type": "int",
				"default" : "100",
				"comment": "Limite final do paginador"
			},
			{
				"name": "sort",
				"type": "string",
				"default" : "",
				"comment": "Campos que devem ser ordenados"
			}
		]
	},
	
	{
		"name" : "/academico/departamento/:id",
		"comment": "Obter departamento por id",
		"owner": "unb_servicos",
		"version": "1.0.0",
		"service" : "br.unb.academico.facade.DepartamentoFacade:finddById",
		"url": "/academico/departamento/:id",
		"type": "GET",
		"lang" : "java"
	},
	
	{
		"name" : "/academico/departamento/:id/disciplina/obrigatorias/periodo/:id_2",
		"comment": "Lista todas as turmas de todas disciplinas obrigatorias de um departamento",
		"owner": "unb_servicos",
		"version": "1.0.0",
		"service" : "br.unb.academico.facade.DepartamentoFacade:listarDisciplinasObrigatoriasPorDepartamento",
		"url": "/academico/departamento/:id/disciplina/obrigatorias/periodo/:id_2",
		"type": "GET",
		"lang": "java",
		"timeout":120000,
		"querystring": [
			{
				"name": "filter",
				"type": "string",
				"default" : "",
				"comment": "Filtro principal da pesquisa"
			},
			{
				"name": "fields",
				"type": "string",
				"default" : "",
				"comment": "Campos que devem ser retornados na pesquisa"
			},
			{
				"name": "offset",
				"type": "int",
				"default" : "0",
				"comment": "Limite inicial do paginador"
			},
			{
				"name": "limit",
				"type": "int",
				"default" : "100",
				"comment": "Limite final do paginador"
			},
			{
				"name": "sort",
				"type": "string",
				"default" : "",
				"comment": "Campos que devem ser ordenados"
			}
		]
	},
	{
		"name" : "/academico/departamento/:id/disciplina/optativas/periodo/:id_2",
		"comment": "Lista todas as turmas de todas disciplinas obrigatorias de um departamento",
		"owner": "unb_servicos",
		"version": "1.0.0",
		"service" : "br.unb.academico.facade.DepartamentoFacade:listarDisciplinasOptativasPorDepartamento",
		"url": "/academico/departamento/:id/disciplina/optativas/periodo/:id_2",
		"type": "GET",
		"lang": "java",
		"timeout":120000,
		"querystring": [
			{
				"name": "filter",
				"type": "string",
				"default" : "",
				"comment": "Filtro principal da pesquisa"
			},
			{
				"name": "fields",
				"type": "string",
				"default" : "",
				"comment": "Campos que devem ser retornados na pesquisa"
			},
			{
				"name": "offset",
				"type": "int",
				"default" : "0",
				"comment": "Limite inicial do paginador"
			},
			{
				"name": "limit",
				"type": "int",
				"default" : "100",
				"comment": "Limite final do paginador"
			},
			{
				"name": "sort",
				"type": "string",
				"default" : "",
				"comment": "Campos que devem ser ordenados"
			}
		]
	}	
]