[
	{
		"name" : "/academico/passelivre",
		"comment": "Lista as requisições de passe livre realizadas.",
		"owner": "unb_servicos",
		"version": "1.0.0",
		"service" : "br.unb.academico.facade.PasseLivreFacade:find",
		"url": "/academico/passelivre",
		"type": "GET",
		"lang": "java",
		"querystring": [
			{
				"name": "filter",
				"type": "string",
				"default" : "",
				"comment": "Filtro principal da pesquisa"
			},
			{
				"name": "fields",
				"type": "string",
				"default" : "",
				"comment": "Campos que devem ser retornados na pesquisa"
			},
			{
				"name": "offset",
				"type": "int",
				"default" : "0",
				"comment": "offset da pesquisa"
			},
			{
				"name": "limit",
				"type": "int",
				"default" : "100",
				"comment": "limite do paginador"
			},
			{
				"name": "sort",
				"type": "string",
				"default" : "",
				"comment": "Campos que devem ser ordenados"
			}
		]
	},
	{
		"name" : "/academico/passelivre/:id",
		"comment": "Obter requisição de passe livre por id",
		"owner": "unb_servicos",
		"version": "1.0.0",
		"service" : "br.unb.academico.facade.PasseLivreFacade:findById",
		"url": "/academico/passelivre/:id",
		"type": "GET",
		"lang" : "java"
	},
	{
		"name" : "/academico/passelivre/:id",
		"comment": "Alterar requisição de passe livre",
		"owner": "unb_servicos",
		"version": "1.0.0",
		"service" : "br.unb.academico.facade.PasseLivreFacade:update",
		"url": "/academico/passelivre/:id",
		"type": "PUT",
		"lang" : "java"
	},
	{
		"name" : "/academico/passelivre",
		"comment": "Cadastrar requisição de passe livre",
		"owner": "unb_servicos",
		"version": "1.0.0",
		"service" : "br.unb.academico.facade.PasseLivreFacade:insert",
		"url": "/academico/passelivre",
		"type": "POST",
		"lang" : "java"	
	},
	{
		"name" : "/academico/passelivre/:is",
		"comment": "Excluir requisição de passe livre",
		"owner": "unb_servicos",
		"version": "1.0.0",
		"service" : "br.unb.academico.facade.PasseLivreFacade:delete",
		"url": "/academico/passelivre/:id",
		"type": "DELETE",
		"lang" : "java"	
	}
]