[
	{
		"name": "ListarPareceristas",
		"comment": "Buscar diplomas a serem emitidos por período",
		"owner": "unb_servicos",
		"version": "1.0.0",
		"service": "br.unb.academico.facade.CoordenadorExtensaoFacade:find",
		"url": "/pareceristas/",
		"type": "GET",
		"lang": "java",
		"result_cache": 100,
		"content_type": "json",
		"authorization": "public",
		"querystring": [
			{
				"name": "filter",
				"type": "string",
				"default": "",
				"comment": "Filtro principal da pesquisa"
			},
			{
				"name": "fields",
				"type": "string",
				"default": "",
				"comment": "Campos que devem ser retornados na pesquisa"
			},
			{
				"name": "offset",
				"type": "int",
				"default": "0",
				"comment": "Limite inicial do paginador"
			},
			{
				"name": "limit",
				"type": "int",
				"default": "100",
				"comment": "Limite final do paginador"
			},
			{
				"name": "sort",
				"type": "string",
				"default": "",
				"comment": "Campos que devem ser ordenados"
			}
		]
	},
	
	{
		"name": "InserirParecerista",
		"comment": "cadastrar um novo parecerista no sistema",
		"owner": "unb_servicos",
		"version": "1.0.0",
		"service": "br.unb.academico.facade.CoordenadorExtensaoFacade:insert",
		"url": "/pareceristas/",
		"type": "POST",
		"lang": "java",
		"content_type": "json"
	},
	
	{
		"name": "RemoverParecerista",
		"comment": "Remover um parecerista do sistema",
		"owner": "unb_servicos",
		"version": "1.0.0",
		"service": "br.unb.academico.facade.CoordenadorExtensaoFacade:delete",
		"url": "/pareceristas/:id",
		"type": "DELETE",
		"lang": "java",
		"content_type": "json"
	}

]
