[
  {
    "name": "/academico/etl/carga/data",
    "comment": "Data da última carga realizada no BDSiac",
    "owner": "unb_servicos",
    "version": "1",
    "service" : "ems_api_query_service:find",
    "url": "/academico/etl/carga/data",
    "type": "GET",
    "result_cache": 60000,
    "datasource" : {
      	"type" : "sqlserver",
    	"connection" : "DSN=etl_siac;UID=UsuUnbServicos;PWD=usuunbservicos",
    	"sql" : "SELECT CONVERT(VARCHAR(10), MAX(DATA_ULTIMA_CARGA), 103) AS 'Data' FROM BDSiacDW_PENTAHO..TB_CONTROLE_CARGA",
    	"primary_key": "Data"
    },
    "lang" : "erlang",
    "debug" : false,
    "authorization": "public"
  },
  
  {
    "name": "/academico/log/matricula/alunos",
  	"comment": "Quantidade de alunos que confirmaram ou recusaram as disciplinas que foram pré-matriculados",
  	"owner": "unb_servicos",
  	"version": "1",
  	"service" : "ems_api_query_service:find",
  	"url": "/academico/log/matricula/alunos",
  	"type": "GET",
  	"result_cache": 60000,
    "datasource" : {
      "extends" : "ds_ems_user_loader",
      "sql" : "SELECT COUNT( DISTINCT LogUsuario ) AS Alunos
              FROM BDSca.dbo.LogSistemas AS L WITH( NOLOCK )
              WHERE L.LogTransacao = 'precrweb'
              AND L.LogDataHora >= ( SELECT P.PtrDtInicioVal
                                     FROM BDSca.dbo.Perfil_Transacao AS P
  						                       WHERE P.PtrTransacao = 'matricula' )",
      "primary_key": "Alunos"

    },
  	"lang" : "erlang",
  	"debug" : false
  },

  {
    "name": "/academico/log/matricula/pedido/alunos",
  	"comment": "Quantidade de alunos que pediram uma disciplina no período de matrícula",
  	"owner": "unb_servicos",
  	"version": "1",
  	"service" : "ems_api_query_service:find",
  	"url": "/academico/log/matricula/pedido/alunos",
  	"type": "GET",
  	"result_cache": 60000,
    "datasource" : {
	"extends" : "ds_ems_user_loader",
      "sql" : "SELECT COUNT( DISTINCT LogUsuario ) AS Alunos
              FROM BDSca.dbo.LogSistemas AS L WITH( NOLOCK )
              WHERE L.LogTransacao = 'matpdweb'
              AND L.LogDataHora >= ( SELECT P.PtrDtInicioVal
                                     FROM BDSca.dbo.Perfil_Transacao AS P
  						                       WHERE P.PtrTransacao = 'matricula' )",
      "primary_key": "Alunos"

    },
  	"lang" : "erlang",
  	"debug" : false
  },

  {
    "name": "/academico/log/matricula/vinculada/alunos",
  	"comment": "Quantidade de alunos que se matricularam na etapa de matrícula vinculada",
  	"owner": "unb_servicos",
  	"version": "1",
  	"service" : "ems_api_query_service:find",
  	"url": "/academico/log/matricula/vinculada/alunos",
  	"type": "GET",
  	"result_cache": 60000,
    "datasource" : {
      "extends" : "ds_ems_user_loader",
      "sql" : "SELECT COUNT( DISTINCT LogUsuario ) AS Alunos
              FROM BDSca.dbo.LogSistemas AS L WITH( NOLOCK )
              WHERE L.LogTransacao = 'matvinweb'
              AND L.LogDataHora >= ( SELECT P.PtrDtInicioVal
                                     FROM BDSca.dbo.Perfil_Transacao AS P
  						                       WHERE P.PtrTransacao = 'matriculavinculada' )",
      "primary_key": "Alunos"

    },
  	"lang" : "erlang",
  	"debug" : false
  },

  {
    "name": "/academico/log/matricula/retirada/alunos",
  	"comment": "Quantidade de alunos que retiraram alguma disciplina na etapa de matrícula vinculada",
  	"owner": "unb_servicos",
  	"version": "1",
  	"service" : "ems_api_query_service:find",
  	"url": "/academico/log/matricula/retirada/alunos",
  	"type": "GET",
  	"result_cache": 60000,
    "datasource" : {
      "extends" : "ds_ems_user_loader",
      "sql" : "SELECT COUNT( DISTINCT LogUsuario ) AS Alunos
              FROM BDSca.dbo.LogSistemas AS L WITH( NOLOCK )
              WHERE L.LogTransacao = 'hperetweb'
              AND L.LogDataHora >= ( SELECT P.PtrDtInicioVal
                                     FROM BDSca.dbo.Perfil_Transacao AS P
  						                       WHERE P.PtrTransacao = 'matricularetirar' )",
      "primary_key": "Alunos"

    },
  	"lang" : "erlang",
  	"debug" : false
  },

  {
    "name": "/academico/log/matricula/alunos/dia",
  	"comment": "Quantidade de alunos por dia que confirmaram ou recusaram as disciplinas que foram pré-matriculados",
  	"owner": "unb_servicos",
  	"version": "1",
  	"service" : "ems_api_query_service:find",
  	"url": "/academico/log/matricula/alunos/dia",
  	"type": "GET",
  	"result_cache": 60000,
    "datasource" : {
      "extends" : "ds_ems_user_loader",
      "sql" : "SELECT CAST( CONVERT( DATE, L.LogDataHora ) AS varchar ) AS Data,
                		COUNT( DISTINCT LogUsuario ) AS Alunos
                FROM BDSca.dbo.LogSistemas AS L WITH( NOLOCK )
                WHERE L.LogTransacao = 'precrweb'
                AND L.LogDataHora >= ( SELECT P.PtrDtInicioVal
                						FROM BDSca.dbo.Perfil_Transacao AS P
                						WHERE P.PtrTransacao = 'matricula' )
                GROUP BY CONVERT( DATE, L.LogDataHora )",
      "primary_key": "Data"

    },
  	"lang" : "erlang",
  	"debug" : false
  },

  {
    "name": "/academico/log/matricula/pedido/alunos/dia",
  	"comment": "Quantidade de alunos por dia que pediram uma disciplina no período de matrícula",
  	"owner": "unb_servicos",
  	"version": "1",
  	"service" : "ems_api_query_service:find",
  	"url": "/academico/log/matricula/pedido/alunos/dia",
  	"type": "GET",
  	"result_cache": 60000,
    "datasource" : {
      "extends" : "ds_ems_user_loader",
      "sql" : "SELECT CAST( CONVERT( DATE, L.LogDataHora ) AS varchar ) AS Data,
                		COUNT( DISTINCT LogUsuario ) AS Alunos
                FROM BDSca.dbo.LogSistemas AS L WITH( NOLOCK )
                WHERE L.LogTransacao = 'matpdweb'
                AND L.LogDataHora >= ( SELECT P.PtrDtInicioVal
                						FROM BDSca.dbo.Perfil_Transacao AS P
                						WHERE P.PtrTransacao = 'matricula' )
                GROUP BY CONVERT( DATE, L.LogDataHora )",
      "primary_key": "Data"

    },
  	"lang" : "erlang",
  	"debug" : false,
    "result_cache" : 6000
  },

  {
    "name": "/academico/log/matricula/vinculada/alunos/dia",
  	"comment": "Quantidade de alunos por dia que se matricularam na etapa de matrícula vinculada",
  	"owner": "unb_servicos",
  	"version": "1",
  	"service" : "ems_api_query_service:find",
  	"url": "/academico/log/matricula/vinculada/alunos/dia",
  	"type": "GET",
  	"result_cache": 60000,
    "datasource" : {
      "extends" : "ds_ems_user_loader",
      "sql" : "SELECT CAST( CONVERT( DATE, L.LogDataHora ) AS varchar ) AS Data,
              		COUNT( distinct LogUsuario ) AS Alunos
              FROM BDSca.dbo.LogSistemas AS L WITH( NOLOCK )
              WHERE L.LogTransacao = 'matvinweb'
              AND L.LogDataHora >= ( SELECT P.PtrDtInicioVal
              						FROM BDSca.dbo.Perfil_Transacao AS P
              						WHERE P.PtrTransacao = 'matriculavinculada' )
              GROUP BY CONVERT( DATE, L.LogDataHora )",
      "primary_key": "Data"

    },
  	"lang" : "erlang",
  	"debug" : false
  },

  {
    "name": "/academico/log/matricula/retirada/alunos/dia",
  	"comment": "Quantidade de alunos por dia que retiraram alguma disciplina na etapa de matrícula vinculada",
  	"owner": "unb_servicos",
  	"version": "1",
  	"service" : "ems_api_query_service:find",
  	"url": "/academico/log/matricula/retirada/alunos/dia",
  	"type": "GET",
  	"result_cache": 60000,
    "datasource" : {
      "extends" : "ds_ems_user_loader",
      "sql" : "SELECT CAST( CONVERT( DATE, L.LogDataHora ) AS varchar ) AS Data,
                		COUNT( DISTINCT LogUsuario ) AS Alunos
                FROM BDSca.dbo.LogSistemas AS L WITH( NOLOCK )
                WHERE L.LogTransacao = 'hperetweb'
                AND L.LogDataHora >= ( SELECT P.PtrDtInicioVal
                						FROM BDSca.dbo.Perfil_Transacao AS P
                						WHERE P.PtrTransacao = 'matricularetirar' )
                GROUP BY CONVERT( DATE, L.LogDataHora )",
      "primary_key": "Data"

    },
  	"lang" : "erlang",
  	"debug" : false
  },

  {
    "name": "/academico/log/matricula/confirmacoes",
  	"comment": "Quantidade de disciplinas que foram confirmadas",
  	"owner": "unb_servicos",
  	"version": "1",
  	"service" : "ems_api_query_service:find",
  	"url": "/academico/log/matricula/confirmacoes",
  	"type": "GET",
  	"result_cache": 60000,
    "datasource" : {
      "extends" : "ds_ems_user_loader",
      "sql" : "SELECT CAST( SUM( ( DATALENGTH( L.LogConteudo ) -
              			LEN( REPLACE( ( CAST( L.LogConteudo AS NVarchar( MAX ) ) ),
              						'Operacao = C', '' ) ) ) / 12 )  AS int ) AS Confirmacoes
              FROM BDSca.dbo.LogSistemas AS L WITH( NOLOCK )
              WHERE L.LogTransacao = 'precrweb'
              AND L.LogDataHora >= ( SELECT P.PtrDtInicioVal
              						FROM BDSca.dbo.Perfil_Transacao AS P
              						WHERE P.PtrTransacao = 'matricula' )",
      "primary_key": "Confirmacoes"

    },
  	"lang" : "erlang",
  	"debug" : false
  },

  {
    "name": "/academico/log/matricula/recusas",
  	"comment": "Quantidade de disciplinas que foram recusadas",
  	"owner": "unb_servicos",
  	"version": "1",
  	"service" : "ems_api_query_service:find",
  	"url": "/academico/log/matricula/recusas",
  	"type": "GET",
  	"result_cache": 60000,
    "datasource" : {
      "extends" : "ds_ems_user_loader",
      "sql" : "SELECT CAST( SUM( ( DATALENGTH( L.LogConteudo ) -
              			LEN( REPLACE( ( CAST( L.LogConteudo AS NVarchar( MAX ) ) ),
              						'Operacao = R', '' ) ) ) / 12 ) AS int ) AS Recusas
              FROM BDSca.dbo.LogSistemas AS L WITH( NOLOCK )
              WHERE L.LogTransacao = 'precrweb'
              AND L.LogDataHora >= ( SELECT P.PtrDtInicioVal
              						FROM BDSca.dbo.Perfil_Transacao AS P
              						WHERE P.PtrTransacao = 'matricula' )",
      "primary_key": "Recusas"

    },
  	"lang" : "erlang",
  	"debug" : false
  },

  {
    "name": "/academico/log/matricula/pedidos",
  	"comment": "Quantidade de pedidos de disciplina realizados",
  	"owner": "unb_servicos",
  	"version": "1",
  	"service" : "ems_api_query_service:find",
  	"url": "/academico/log/matricula/pedidos",
  	"type": "GET",
  	"result_cache": 60000,
    "datasource" : {
      "extends" : "ds_ems_user_loader",
      "sql" : "SELECT CAST( SUM( ( DATALENGTH( L.LogConteudo ) -
                			LEN( REPLACE( ( CAST( L.LogConteudo AS NVarchar( MAX ) ) ),
                						'Operacao = I', '' ) ) ) / 12 ) AS int ) AS Pedidos
                FROM BDSca.dbo.LogSistemas AS L WITH( NOLOCK )
                WHERE L.LogTransacao = 'matpdweb'
                AND L.LogDataHora >= ( SELECT P.PtrDtInicioVal
                						FROM BDSca.dbo.Perfil_Transacao AS P
                						WHERE P.PtrTransacao = 'matricula' )",
      "primary_key": "Pedidos"

    },
  	"lang" : "erlang",
  	"debug" : false
  },

  {
    "name": "/academico/log/matricula/vinculadas",
  	"comment": "Quantidade de matrícula vinculadas realizadas por disciplina",
  	"owner": "unb_servicos",
  	"version": "1",
  	"service" : "ems_api_query_service:find",
  	"url": "/academico/log/matricula/vinculadas",
  	"type": "GET",
  	"result_cache": 60000,
    "datasource" : {
      "extends" : "ds_ems_user_loader",
      "sql" : "SELECT COUNT( * ) AS Matriculas
                FROM BDSca.dbo.LogSistemas AS L WITH( NOLOCK )
                WHERE L.LogTransacao = 'matvinweb'
                AND L.LogDataHora >= ( SELECT P.PtrDtInicioVal
                						FROM BDSca.dbo.Perfil_Transacao AS P
                						WHERE P.PtrTransacao = 'matriculavinculada' )",
      "primary_key": "Matriculas"

    },
  	"lang" : "erlang",
  	"debug" : false
  },

  {
    "name": "/academico/log/matricula/retiradas",
  	"comment": "Quantidade de disciplinas retiradas na etapa de matrícula vinculada",
  	"owner": "unb_servicos",
  	"version": "1",
  	"service" : "ems_api_query_service:find",
  	"url": "/academico/log/matricula/retiradas",
  	"type": "GET",
  	"result_cache": 60000,
    "datasource" : {
      "extends" : "ds_ems_user_loader",
      "sql" : "SELECT COUNT( * ) AS Retiradas
                FROM BDSca.dbo.LogSistemas AS L WITH( NOLOCK )
                WHERE L.LogTransacao = 'hperetweb'
                AND L.LogDataHora >= ( SELECT P.PtrDtInicioVal
                						FROM BDSca.dbo.Perfil_Transacao AS P
                						WHERE P.PtrTransacao = 'matricularetirar' )",
      "primary_key": "Retiradas"

    },
  	"lang" : "erlang",
  	"debug" : false
  },

  {
    "name": "/academico/log/matricula/confirmacoes/dia",
  	"comment": "Quantidade de disciplinas que foram confirmadas por dia",
  	"owner": "unb_servicos",
  	"version": "1",
  	"service" : "ems_api_query_service:find",
  	"url": "/academico/log/matricula/confirmacoes/dia",
  	"type": "GET",
  	"result_cache": 60000,
    "datasource" : {
      "extends" : "ds_ems_user_loader",
      "sql" : "SELECT CAST( CONVERT( DATE, L.LogDataHora ) AS varchar ) AS Data,
                  CAST( SUM( ( DATALENGTH( L.LogConteudo ) -
              			LEN( REPLACE( ( CAST( L.LogConteudo AS NVarchar( MAX ) ) ),
              						'Operacao = C', '' ) ) ) / 12 ) AS int ) AS Confirmacoes
              FROM BDSca.dbo.LogSistemas AS L WITH( NOLOCK )
              WHERE L.LogTransacao = 'precrweb'
              AND L.LogDataHora >= ( SELECT P.PtrDtInicioVal
              						FROM BDSca.dbo.Perfil_Transacao AS P
              						WHERE P.PtrTransacao = 'matricula' )
              GROUP BY CONVERT( DATE, L.LogDataHora )",
      "primary_key": "Data"

    },
  	"lang" : "erlang",
  	"debug" : false
  },

  {
    "name": "/academico/log/matricula/recusas/dia",
  	"comment": "Quantidade de disciplinas que foram recusadas por dia",
  	"owner": "unb_servicos",
  	"version": "1",
  	"service" : "ems_api_query_service:find",
  	"url": "/academico/log/matricula/recusas/dia",
  	"type": "GET",
  	"result_cache": 60000,
    "datasource" : {
      "extends" : "ds_ems_user_loader",
      "sql" : "SELECT CAST( CONVERT( DATE, L.LogDataHora ) AS varchar ) AS Data,
                  CAST( SUM( ( DATALENGTH( L.LogConteudo ) -
              			LEN( REPLACE( ( CAST( L.LogConteudo AS NVarchar( MAX ) ) ),
              						'Operacao = R', '' ) ) ) / 12 ) AS int ) AS Recusas
              FROM BDSca.dbo.LogSistemas AS L WITH( NOLOCK )
              WHERE L.LogTransacao = 'precrweb'
              AND L.LogDataHora >= ( SELECT P.PtrDtInicioVal
              						FROM BDSca.dbo.Perfil_Transacao AS P
              						WHERE P.PtrTransacao = 'matricula' )
              GROUP BY CONVERT( DATE, L.LogDataHora )",
      "primary_key": "Data"

    },
  	"lang" : "erlang",
  	"debug" : false
  },

  {
    "name": "/academico/log/matricula/pedidos/dia",
  	"comment": "Quantidade de pedidos de disciplina realizados por dia",
  	"owner": "unb_servicos",
  	"version": "1",
  	"service" : "ems_api_query_service:find",
  	"url": "/academico/log/matricula/pedidos/dia",
  	"type": "GET",
  	"result_cache": 60000,
    "datasource" : {
      "extends" : "ds_ems_user_loader",
      "sql" : "SELECT CAST( CONVERT( DATE, L.LogDataHora ) AS varchar ) AS Data,
                      CAST( SUM( ( DATALENGTH( L.LogConteudo ) -
                			LEN( REPLACE( ( CAST( L.LogConteudo AS NVarchar( MAX ) ) ),
                						'Operacao = I', '' ) ) ) / 12 ) AS int ) AS Pedidos
                FROM BDSca.dbo.LogSistemas AS L WITH( NOLOCK )
                WHERE L.LogTransacao = 'matpdweb'
                AND L.LogDataHora >= ( SELECT P.PtrDtInicioVal
                						FROM BDSca.dbo.Perfil_Transacao AS P
                						WHERE P.PtrTransacao = 'matricula' )
                 GROUP BY CONVERT( DATE, L.LogDataHora )",
      "primary_key": "Data"

    },
  	"lang" : "erlang",
  	"debug" : false
  },

  {
    "name": "/academico/log/matricula/vinculadas/dia",
  	"comment": "Quantidade de matrícula vinculadas realizadas por dia",
  	"owner": "unb_servicos",
  	"version": "1",
  	"service" : "ems_api_query_service:find",
  	"url": "/academico/log/matricula/vinculadas/dia",
  	"type": "GET",
  	"result_cache": 60000,
    "datasource" : {
      "extends" : "ds_ems_user_loader",
      "sql" : "SELECT CAST( CONVERT( DATE, L.LogDataHora ) AS varchar ) AS Data,
                  COUNT( * ) AS Matriculas
                FROM BDSca.dbo.LogSistemas AS L WITH( NOLOCK )
                WHERE L.LogTransacao = 'matvinweb'
                AND L.LogDataHora >= ( SELECT P.PtrDtInicioVal
                						FROM BDSca.dbo.Perfil_Transacao AS P
                						WHERE P.PtrTransacao = 'matriculavinculada' )
                GROUP BY CONVERT( DATE, L.LogDataHora )",
      "primary_key": "Data"

    },
  	"lang" : "erlang",
  	"debug" : false
  },

  {
    "name": "/academico/log/matricula/retiradas/dia",
  	"comment": "Quantidade de disciplinas por dia retiradas na etapa de matrícula vinculada",
  	"owner": "unb_servicos",
  	"version": "1",
  	"service" : "ems_api_query_service:find",
  	"url": "/academico/log/matricula/retiradas/dia",
  	"type": "GET",
  	"result_cache": 60000,
    "datasource" : {
      "extends" : "ds_ems_user_loader",
      "sql" : "SELECT CAST( CONVERT( DATE, L.LogDataHora ) AS varchar ) AS Data,
                    COUNT( * ) AS Retiradas
                FROM BDSca.dbo.LogSistemas AS L WITH( NOLOCK )
                WHERE L.LogTransacao = 'hperetweb'
                AND L.LogDataHora >= ( SELECT P.PtrDtInicioVal
                						FROM BDSca.dbo.Perfil_Transacao AS P
                						WHERE P.PtrTransacao = 'matricularetirar' )
                GROUP BY CONVERT( DATE, L.LogDataHora )",
      "primary_key": "Data"

    },
  	"lang" : "erlang",
  	"debug" : false
  },

  {
    "name": "/academico/log/matricula/confirmacao/dia",
  	"comment": "Lista ",
  	"owner": "unb_servicos",
  	"version": "1",
  	"service" : "ems_api_query_service:find",
  	"url": "/academico/log/matricula/confirmacao",
  	"type": "GET",
  	"result_cache": 60000,
    "datasource" : {
      "extends" : "ds_ems_user_loader",
      "sql" : "SELECT CAST(CONVERT( DATE, L.LogDataHora ) AS VARCHAR) AS Data,
  		          COUNT( * ) AS Recusas
              FROM BDSca.dbo.LogSistemas AS L WITH( NOLOCK )
              WHERE L.LogTransacao = 'hperetweb'
              AND L.LogDataHora >= ( SELECT P.PtrDtInicioVal
              						FROM BDSca.dbo.Perfil_Transacao AS P
              						WHERE P.PtrTransacao = 'matricularetirar' )
              GROUP BY CAST(CONVERT( DATE, L.LogDataHora ) AS VARCHAR)",
      "primary_key": "Data"

    },
  	"querystring": [
  			{
  				"name": "fields",
  				"type": "string",
  				"default" : "",
  				"comment": "Campos que devem ser retornados na pesquisa"
  			}
  	],
  	"lang" : "erlang",
  	"debug" : false
  },

  {
    "name": "/academico/log/matricula/recusa",
  	"comment": "Lista ",
  	"owner": "unb_servicos",
  	"version": "1",
  	"service" : "ems_api_query_service:find",
  	"url": "/academico/log/matricula/recusa",
  	"type": "GET",
  	"result_cache": 60000,
    "datasource" : {
      "extends" : "ds_ems_user_loader",
      "table_name" : "LogSistemas",
      "primary_key": "LogUsuario"

    },
  	"querystring": [
      {
        "name": "filter",
        "type": "string",
        "default" : "",
        "comment": "Filtro principal da pesquisa"
      },
      {
        "name": "fields",
        "type": "string",
        "default" : "",
        "comment": "Campos que devem ser retornados na pesquisa"
      },
      {
        "name": "limit",
        "type": "int",
        "default" : "100",
        "comment": "Quantidade máxima de registros retornados"
      },
      {
        "name": "offset",
        "type": "int",
        "default" : "0",
        "comment": "Offset retornado da consulta"
      },
      {
        "name": "sort",
        "type": "string",
        "default" : "",
        "comment": "Campos que devem ser ordenados"
      }
  	],
  	"lang" : "erlang",
  	"debug" : false
  },

  {
    "name": "/academico/log/matricula/periodo",
  	"comment": "Lista ",
  	"owner": "unb_servicos",
  	"version": "1",
  	"service" : "ems_api_query_service:find",
  	"url": "/academico/log/matricula/periodo",
  	"type": "GET",
  	"result_cache": 60000,
    "datasource" : {
      "extends" : "ds_ems_user_loader",
      "table_name" : "Periodo",
      "primary_key" : "PerPeriodo"
    },
  	"querystring": [
      {
        "name": "filter",
        "type": "string",
        "default" : "",
        "comment": "Filtro principal da pesquisa"
      },
      {
        "name": "fields",
        "type": "string",
        "default" : "",
        "comment": "Campos que devem ser retornados na pesquisa"
      },
      {
        "name": "limit",
        "type": "int",
        "default" : "100",
        "comment": "Quantidade máxima de registros retornados"
      },
      {
        "name": "offset",
        "type": "int",
        "default" : "0",
        "comment": "Offset retornado da consulta"
      },
      {
        "name": "sort",
        "type": "string",
        "default" : "",
        "comment": "Campos que devem ser ordenados"
      }
  	],
  	"lang" : "erlang",
  	"debug" : false
  }
]
