[
	{
		"name" : "/academico/curso",
		"comment": "Lista os cursos disponíveis.",
		"owner": "unb_servicos",
		"version": "1.0.0",
		"service" : "br.unb.academico.facade.CursoFacade:find",
		"url": "/academico/curso",
		"type": "GET",
		"lang": "java",
		"querystring": [
			{
				"name": "filter",
				"type": "string",
				"default" : "",
				"comment": "Filtro principal da pesquisa"
			},
			{
				"name": "fields",
				"type": "string",
				"default" : "",
				"comment": "Campos que devem ser retornados na pesquisa"
			},
			{
				"name": "offset",
				"type": "int",
				"default" : "0",
				"comment": "offset da pesquisa"
			},
			{
				"name": "limit",
				"type": "int",
				"default" : "100",
				"comment": "limite do paginador"
			},
			{
				"name": "sort",
				"type": "string",
				"default" : "",
				"comment": "Campos que devem ser ordenados"
			}
		]
	},
	{
		"name" : "/academico/curso/:id",
		"comment": "Obter curso por id",
		"owner": "unb_servicos",
		"version": "1.0.0",
		"service" : "br.unb.academico.facade.CursoFacade:findById",
		"url": "/academico/curso/:id",
		"type": "GET",
		"lang" : "java"
	},
	{
		"name" : "/academico/curso/:id",
		"comment": "Alterar curso",
		"owner": "unb_servicos",
		"version": "1.0.0",
		"service" : "br.unb.academico.facade.CursoFacade:update",
		"url": "/academico/curso/:id",
		"type": "PUT",
		"enable":"false",
		"lang" : "java"
	},
	{
		"name" : "/academico/curso",
		"comment": "Cadastrar curso",
		"owner": "unb_servicos",
		"version": "1.0.0",
		"service" : "br.unb.academico.facade.CursoFacade:insert",
		"url": "/academico/curso",
		"type": "POST",
		"enable":"false",
		"lang" : "java"	
	},
	{
		"name" : "/academico/curso",
		"comment": "Excluir curso",
		"owner": "unb_servicos",
		"version": "1.0.0",
		"service" : "br.unb.academico.facade.CursoFacade:delete",
		"url": "/academico/curso",
		"type": "DELETE",
		"enable":"false",
		"lang" : "java"	
	},
		
	{
		"name" : "/academico/curso/:id/aluno",
		"comment": "Lista os curso disponíveis.",
		"owner": "unb_servicos",
		"version": "1.0.0",
		"service" : "br.unb.academico.facade.CursoFacade:getAlunos",
		"url": "/academico/curso/:id/aluno",
		"type": "GET",
		"lang": "java",
		"querystring": [
			{
				"name": "filter",
				"type": "string",
				"default" : "",
				"comment": "Filtro principal da pesquisa"
			},
			{
				"name": "fields",
				"type": "string",
				"default" : "",
				"comment": "Campos que devem ser retornados na pesquisa"
			},
			{
				"name": "offset",
				"type": "int",
				"default" : "0",
				"comment": "offset da pesquisa"
			},
			{
				"name": "limit",
				"type": "int",
				"default" : "100",
				"comment": "limite do paginador"
			},
			{
				"name": "sort",
				"type": "string",
				"default" : "",
				"comment": "Campos que devem ser ordenados"
			}
		]
	},
	
	{
		"name" : "/academico/curso/:id/aluno/contract/c0002",
		"comment": "Solicitação CIC: Lista de matrículas dos alunos ativos de um curso.",
		"owner": "unb_servicos",
		"version": "1.0.0",
		"service" : "br.unb.academico.facade.CursoFacade:getCursosAlunosCIC",
		"url": "/academico/curso/:id/aluno/contract/c0002",
		"type": "GET",
		"lang": "java"
	},
	
	{
		"name" : "/academico/curso/formandos/periodo/:id/nivel/:id_2",
		"comment": "Busca os cursos com formandos de um nivel em um periodo",
		"owner": "unb_servicos",
		"version": "1.0.0",
		"service" : "br.unb.academico.facade.CursoFacade:getCursosComFormandos",
		"url": "/academico/curso/formandos/periodo/:id/nivel/:id_2",
		"type": "GET",
		"lang": "java"
	}
	
	
	
]