[
	{
    "name" : "/academico/docente/avaliacao/resultado",
    "comment": "Resultado da Avaliação de Docente por Discente",
    "owner": "unb_servicos",
    "version": "1.0.0",
    "service" : "br.unb.academico.facade.ResultadoAvaliacaoDocenteFacade:find",
    "url": "/academico/docente/avaliacao/resultado",
    "type": "GET",
    "lang": "java",
    "querystring": [
      {
        "name": "filter",
        "type": "string",
        "default" : "",
        "comment": "Filtro principal da pesquisa"
      },
      {
        "name": "fields",
        "type": "string",
        "default" : "",
        "comment": "Campos que devem ser retornados na pesquisa"
      },
      {
        "name": "offset",
        "type": "int",
        "default" : "0",
        "comment": "Limite inicial do paginador"
      },
      {
        "name": "limit",
        "type": "int",
        "default" : "100",
        "comment": "Limite final do paginador"
      },
      {
        "name": "sort",
        "type": "string",
        "default" : "",
        "comment": "Campos que devem ser ordenados"
      }
    ]
  },

  {
	"name" : "/academico/docente/avaliacao/resultado/:id",
	"comment": "Resultado da Avaliação de Docente por Discente",
	"owner": "unb_servicos",
	"version": "1.0.0",
	"service" : "br.unb.academico.facade.ResultadoAvaliacaoDocenteFacade:buscaResultadoAvaliacaoDocentePdf",
	"url": "/academico/docente/avaliacao/resultado/:id",
	"type": "GET",
	"lang": "java",
	"content_type" : "application/pdf",
	"timeout": 10000
  }
]