[
	{
		"name" : "/diploma/",
		"comment": "Buscar diplomas a serem emitidos por período",
		"owner": "unb_servicos",
		"version": "1.0.0",
		"service" : "br.unb.academico.facade.DiplomaFacade:find",
		"url": "/diplomaListagem/",
		"type": "GET",
		"lang": "java",
		"content_type" : "json",
		"authorization" : "public",
		"timeout": 10000,		
		"querystring": [
			{
				"name": "filter",
				"type": "string",
				"default" : "",
				"comment": "Filtro principal da pesquisa"
			},
			{
				"name": "fields",
				"type": "string",
				"default" : "",
				"comment": "Campos que devem ser retornados na pesquisa"
			},
			{
				"name": "offset",
				"type": "int",
				"default" : "0",
				"comment": "Limite inicial do paginador"
			},
			{
				"name": "limit",
				"type": "int",
				"default" : "100",
				"comment": "Limite final do paginador"
			},
			{
				"name": "sort",
				"type": "string",
				"default" : "",
				"comment": "Campos que devem ser ordenados"
			}
		]
	},
	
	{
		"name" : "GerarCodigoVerificacao",
		"comment": "Cria um código para ser utilizado na tela de validação de diploma",
		"owner": "unb_servicos",
		"version": "1.0.0",
		"service" : "br.unb.academico.facade.DiplomaFacade:gerarCodigoValidacao",
		"url": "/diplomaListagem/codigo",
		"type": "POST",
		"lang": "java",
		"authorization" : "public",
		"content_type" : "json",
		"timeout": 10000
	},
	
	{
		"name" : "FindLoteDiploma",
		"comment": "Buscar respostas de diplomas com filtros",
		"owner": "unb_servicos",
		"version": "1.0.0",
		"service" : "br.unb.academico.facade.LoteDiplomaFacade:find",
		"url": "/loteDiploma/",
		"type": "GET",
		"lang": "java",
		"content_type" : "json",
		"authorization" : "public",
		"timeout": 10000,		
		"querystring": [
			{
				"name": "filter",
				"type": "string",
				"default" : "",
				"comment": "Filtro principal da pesquisa"
			},
			{
				"name": "fields",
				"type": "string",
				"default" : "",
				"comment": "Campos que devem ser retornados na pesquisa"
			},
			{
				"name": "offset",
				"type": "int",
				"default" : "0",
				"comment": "Limite inicial do paginador"
			},
			{
				"name": "limit",
				"type": "int",
				"default" : "100",
				"comment": "Limite final do paginador"
			},
			{
				"name": "sort",
				"type": "string",
				"default" : "",
				"comment": "Campos que devem ser ordenados"
			}
		]
	},
	
	{
		"name" : "FindLoteDiplomaByID",
		"comment": "Buscar respostas de diplomas por ID",
		"owner": "unb_servicos",
		"version": "1.0.0",
		"service" : "br.unb.academico.facade.LoteDiplomaFacade:findById",
		"url": "/loteDiploma/:id",
		"type": "GET",
		"lang": "java",
		"content_type" : "json",
		"authorization" : "public",
		"timeout": 10000
	},
	
	{
		"name" : "UpdateLoteDiploma",
		"comment": "Atualizar resposta de diploma",
		"owner": "unb_servicos",
		"version": "1.0.0",
		"service" : "br.unb.academico.facade.LoteDiplomaFacade:update",
		"url": "/loteDiploma/:id",
		"type": "PUT",
		"lang": "java",
		"content_type" : "json",
		"authorization" : "public",
		"timeout": 10000		
	},
	
	{
		"name" : "InsertLoteDiploma",
		"comment": "Inserir lote de diploma",
		"owner": "unb_servicos",
		"version": "1.0.0",
		"service" : "br.unb.academico.facade.LoteDiplomaFacade:insert",
		"url": "/loteDiploma/",
		"type": "POST",
		"lang": "java",
		"content_type" : "json",
		"authorization" : "public",
		"timeout": 10000
	},
	
	{
		"name" : "DeleteLoteDiploma",
		"comment": "Remover lote de diploma",
		"owner": "unb_servicos",
		"version": "1.0.0",
		"service" : "br.unb.academico.facade.LoteDiplomaFacade:delete",
		"url": "/loteDiploma/:id",
		"type": "DELETE",
		"lang": "java",
		"content_type" : "json",
		"authorization" : "public",
		"timeout": 10000
	},
	
	{
		"name" : "CancelLoteDiploma",
		"comment": "Endpoint para resposta do C3, chamado quando uma entrada em um lote é cancelada",
		"owner": "unb_servicos",
		"version": "1.0.0",
		"service" : "br.unb.academico.facade.LoteDiplomaFacade:CancelarCertificado",
		"url": "/loteDiploma/cancelar",
		"type": "POST",
		"lang": "java",
		"content_type" : "json",
		"authorization" : "public",
		"timeout": 10000
	},
	
	{
		"name" : "ConfirmLoteDiploma",
		"comment": "Endpoint para resposta do C3, chamado quando um lote é assinado ou cancelado",
		"owner": "unb_servicos",
		"version": "1.0.0",
		"service" : "br.unb.academico.facade.LoteDiplomaFacade:ConfirmarAssinaturaDigital",
		"url": "/loteDiploma/confirmar",
		"type": "POST",
		"lang": "java",
		"content_type" : "json",
		"authorization" : "public",
		"timeout": 10000
	},
	
	{
		"name" : "PreSaveLoteDiploma",
		"comment": "Salva o lote recem enviado ao C3",
		"owner": "unb_servicos",
		"version": "1.0.0",
		"service" : "br.unb.academico.facade.LoteDiplomaFacade:SalvarCertificado",
		"url": "/loteDiploma/salvar",
		"type": "POST",
		"lang": "java",
		"content_type" : "json",
		"authorization" : "public",
		"timeout": 10000
	},
	
	{
		"name" : "FindEntradasPorLote",
		"comment": "Busca todas as entradas presentes em um lote pelo RequestId",
		"owner": "unb_servicos",
		"version": "1.0.0",
		"service" : "br.unb.academico.facade.EntradaLoteDiplomaFacade:findByRequestId",
		"url": "/entradaLoteDiploma/listar/:id",
		"type": "GET",
		"lang": "java",
		"content_type" : "json",
		"authorization" : "public",
		"timeout": 10000
	},
	
	{
		"name" : "PreSaveEntradasLote",
		"comment": "Chamado no ato do envio, salva uma entrada na tabela para cada diploma contido no lote enviado",
		"owner": "unb_servicos",
		"version": "1.0.0",
		"service" : "br.unb.academico.facade.EntradaLoteDiplomaFacade:preSalvarEntradaLoteDiploma",
		"url": "/entradaLoteDiploma/salvar",
		"type": "POST",
		"lang": "java",
		"content_type" : "json",
		"authorization" : "public",
		"timeout": 10000
	},
	
	{
		"name" : "ValidarDiploma",
		"comment": "Verifica baseado no código de validação e no nome se um diploma está assinado e válido na base, apresenta o xml assinado e possivelmente um pdf do diploma",
		"owner": "unb_servicos",
		"version": "1.0.0",
		"service" : "br.unb.academico.facade.LoteDiplomaFacade:validarDiploma",
		"url": "/entradaLoteDiploma/validar",
		"type": "POST",
		"lang": "java",
		"content_type" : "json",
		"authorization" : "public",
		"timeout": 10000
	},
	
	{
		"name" : "gerarCodigo",
		"comment": "gerar o código de validação.",
		"owner": "unb_servicos",
		"version": "1.0.0",
		"service" : "br.unb.academico.facade.LoteDiplomaFacade:gerarCodigoValidacao",
		"url": "/entradaLoteDiploma/gerar",
		"type": "POST",
		"lang": "java",
		"content_type" : "json",
		"authorization" : "public",
		"timeout": 10000
	},
	
	{
		"name" : "findSignatarios",
		"comment": "Buscar signatarios cadastrados",
		"owner": "unb_servicos",
		"version": "1.0.0",
		"service" : "br.unb.academico.facade.SignatarioFacade:find",
		"url": "/academico/signatarios/",
		"type": "GET",
		"lang": "java",
		"content_type" : "json",
		"timeout": 10000,		
		"querystring": [
			{
				"name": "filter",
				"type": "string",
				"default" : "",
				"comment": "Filtro principal da pesquisa"
			},
			{
				"name": "fields",
				"type": "string",
				"default" : "",
				"comment": "Campos que devem ser retornados na pesquisa"
			},
			{
				"name": "offset",
				"type": "int",
				"default" : "0",
				"comment": "Limite inicial do paginador"
			},
			{
				"name": "limit",
				"type": "int",
				"default" : "100",
				"comment": "Limite final do paginador"
			},
			{
				"name": "sort",
				"type": "string",
				"default" : "",
				"comment": "Campos que devem ser ordenados"
			}
		]
	},
	
	{
		"name" : "updateSignatarios",
		"comment": "Atualizar signatário",
		"owner": "unb_servicos",
		"version": "1.0.0",
		"service" : "br.unb.academico.facade.SignatarioFacade:update",
		"url": "/academico/signatarios/:id",
		"type": "PUT",
		"lang": "java",
		"content_type" : "json",
		"timeout": 10000		
	},
	
	{
		"name" : "insertSignatario",
		"comment": "Inserir signatário",
		"owner": "unb_servicos",
		"version": "1.0.0",
		"service" : "br.unb.academico.facade.SignatarioFacade:insert",
		"url": "/academico/signatarios/",
		"type": "POST",
		"lang": "java",
		"content_type" : "json",
		"timeout": 10000
	},
	
	{
		"name" : "deleteSignatarios",
		"comment": "Remover Signatario",
		"owner": "unb_servicos",
		"version": "1.0.0",
		"service" : "br.unb.academico.facade.SignatarioFacade:delete",
		"url": "/academico/signatarios/:id",
		"type": "DELETE",
		"lang": "java",
		"content_type" : "json",
		"timeout": 10000
	}
	
]