[
	
	{
		"name" : "/academico/professor",
		"comment": "Lista os professores disponíveis.",
		"owner": "unb_servicos",
		"version": "1.0.0",
		"service" : "br.unb.academico.facade.ProfessorFacade:find",
		"url": "/academico/professor",
		"type": "GET",
		"lang": "java",
		"querystring": [
			{
				"name": "filter",
				"type": "string",
				"default" : "",
				"comment": "Filtro principal da pesquisa"
			},
			{
				"name": "fields",
				"type": "string",
				"default" : "",
				"comment": "Campos que devem ser retornados na pesquisa"
			},
			{
				"name": "offset",
				"type": "int",
				"default" : "0",
				"comment": "Limite inicial do paginador"
			},
			{
				"name": "limit",
				"type": "int",
				"default" : "100",
				"comment": "Limite final do paginador"
			},
			{
				"name": "sort",
				"type": "string",
				"default" : "",
				"comment": "Campos que devem ser ordenados"
			}
		]
	},
	
	{
		"name" : "/academico/professor/:id",
		"comment": "Obter professor por id",
		"owner": "unb_servicos",
		"version": "1.0.0",
		"service" : "br.unb.academico.facade.ProfessorFacade:findById",
		"url": "/academico/professor/:id",
		"type": "GET",
		"lang" : "java"
	},
	{
	"name" : "/academico/professor/:id/orientandos",
	"comment": "Lista os orientandos de um professor dado",
	"owner": "unb_servicos",
	"version": "1.0.0",
	"service" : "br.unb.academico.facade.ProfessorFacade:listarOrientandosProfessor",
	"url": "/academico/professor/:id/orientandos",
	"type": "GET",
	"lang": "java",
	"querystring": [
		{
			"name": "filter",
			"type": "string",
			"default" : "",
			"comment": "Filtro principal da pesquisa"
		},
		{
			"name": "fields",
			"type": "string",
			"default" : "",
			"comment": "Campos que devem ser retornados na pesquisa"
		},
		{
			"name": "offset",
			"type": "int",
			"default" : "0",
			"comment": "Limite inicial do paginador"
		},
		{
			"name": "limit",
			"type": "int",
			"default" : "100",
			"comment": "Limite final do paginador"
		},
		{
			"name": "sort",
			"type": "string",
			"default" : "",
			"comment": "Campos que devem ser ordenados"
		}
	]
	}
]