[
	{
		"catalog": "/academico/catalogo_aluno", 
		"file": "catalogo_aluno.json"
	},
	{
		"catalog": "/academico/catalogo_curso", 
		"file": "catalogo_curso.json"
	},
	
	{
		"catalog": "/academico/catalogo_disciplina", 
		"file": "catalogo_disciplina.json"
	},
		
	{
		"catalog": "/academico/catalogo_disciplina_monitor", 
		"file": "catalogo_disciplina_monitor.json"
	},
		
	{
		"catalog": "/academico/catalogo_professor", 
		"file": "catalogo_professor.json"
	},
	{
		"catalog": "/academico/catalogo_periodo", 
		"file": "catalogo_periodo.json"
	},
	{
		"catalog": "/academico/catalogo_departamento", 
		"file": "catalogo_departamento.json"
	},
	{
		"catalog": "/academico/catalogo_acompanhamento_matricula",
		"file": "catalogo_acompanhamento_matricula.json"
	},
	{
		"catalog": "/academico/catalogo_resultado_avaliacao_docente",
		"file": "catalogo_resultado_avaliacao_docente.json"
	},
	{
		"catalog": "/academico/catalogo_passe_livre",
		"file": "catalogo_passe_livre.json"
	},
	{
		"catalog": "/academico/catalogo_diploma",
		"file": "catalogo_diploma.json"
	},
	{
		"catalog": "/academico/catalogo_hperiodo", 
		"file": "catalogo_hperiodo.json"
	},
	{
		"catalog": "/academico/catalogo_coordenador_extensao",
		"file": "catalogo_coordenador_extensao.json"
	},
	{
		"catalog": "/academico/catalogo_unb_idiomas", 
		"file": "catalogo_unb_idiomas.json"
	},
	{
		"catalog": "/academico/catalogo_registro_livro", 
		"file": "catalogo_registro_livro.json"
	},
	{
		"catalog": "/academico/catalogo_modulo_sipic", 
		"file": "sipic/catalogo_modulo_sipic.json"
	}

]