[
	{
		"name" : "/academico/periodo/graduacao",
		"comment": "informa os períodos para graduação.",
		"owner": "unb_servicos",
		"version": "1.0.0",
		"service" : "br.unb.academico.facade.PeriodoFacade:getPeriodoGraduacao",
		"url": "/academico/periodo/graduacao",
		"type": "GET",
		"lang": "java"
	},
	{
		"name" : "/academico/periodo/pos",
		"comment": "informa os períodos para pos-graduação.",
		"owner": "unb_servicos",
		"version": "1.0.0",
		"service" : "br.unb.academico.facade.PeriodoFacade:getPeriodoPos",
		"url": "/academico/periodo/pos",
		"type": "GET",
		"lang": "java"
	},
	{
		"name" : "/academico/periodo/graduacao/atual",
		"comment": "informa o período para graduação ativo.",
		"owner": "unb_servicos",
		"version": "1.0.0",
		"service" : "br.unb.academico.facade.PeriodoFacade:getPeriodoGraduacaoAtual",
		"url": "/academico/periodo/graduacao/atual",
		"type": "GET",
		"lang": "java"
	},
	{
		"name" : "/academico/periodo/pos/atual",
		"comment": "informa o período para pos-graduação ativo.",
		"owner": "unb_servicos",
		"version": "1.0.0",
		"service" : "br.unb.academico.facade.PeriodoFacade:getPeriodoPosAtual",
		"url": "/academico/periodo/pos/atual",
		"type": "GET",
		"lang": "java"
	}
]