[
	{
		"name" : "/academico/aluno",
		"comment": "Lista os alunos disponíveis.",
		"owner": "unb_servicos",
		"version": "1.0.0",
		"service" : "br.unb.academico.facade.AlunoFacade:find",
		"url": "/academico/aluno",
		"type": "GET",
		"timeout" : 20000,
		"lang": "java",
		"querystring": [
			{
				"name": "filter",
				"type": "string",
				"default" : "",
				"comment": "Filtro principal da pesquisa"
			},
			{
				"name": "fields",
				"type": "string",
				"default" : "",
				"comment": "Campos que devem ser retornados na pesquisa"
			},
			{
				"name": "offset",
				"type": "int",
				"default" : "0",
				"comment": "Limite inicial do paginador"
			},
			{
				"name": "limit",
				"type": "int",
				"default" : "100",
				"comment": "Limite final do paginador"
			},
			{
				"name": "sort",
				"type": "string",
				"default" : "",
				"comment": "Campos que devem ser ordenados"
			}
		]
	},	
	{
		"name" : "/academico/aluno/:id",
		"comment": "Obter aluno por id",
		"owner": "unb_servicos",
		"version": "1.0.0",
		"service" : "br.unb.academico.facade.AlunoFacade:findById",
		"url": "/academico/aluno/:id",
		"type": "GET",
		"authorization" : "public",
		"lang" : "java",
		"querystring": [
			{
				"name": "filter",
				"type": "string",
				"default" : "",
				"comment": "Filtro principal da pesquisa"
			},
			{
				"name": "fields",
				"type": "string",
				"default" : "",
				"comment": "Campos que devem ser retornados na pesquisa"
			},
			{
				"name": "offset",
				"type": "int",
				"default" : "0",
				"comment": "Limite inicial do paginador"
			},
			{
				"name": "limit",
				"type": "int",
				"default" : "100",
				"comment": "Limite final do paginador"
			},
			{
				"name": "sort",
				"type": "string",
				"default" : "",
				"comment": "Campos que devem ser ordenados"
			}
		]
	},
	{
		"name": "/academico/aluno/registro/opcao",
		"comment": "Retorna uma lista das opções do aluno pelo CPF (caso haja) e se a oção está ativa ou não",
		"owner": "unb_servicos",
		"version": "1",
		"service" : "ems_api_query_service:find",
		"url": "/academico/aluno/registro/opcao",
		"type": "GET",
		"result_cache": 60000,
		"datasource" : {
		  "extends" : "ds_ems_user_loader",
		  "sql" : "SELECT BDPessoa.dbo.TB_Pessoa.PesCpf as CPF,
                         BDSiac.dbo.Opcao.OpcCurCurso as Curso,
						 BDSiac.dbo.DadosOpcao.DadOpcOpcao as Opcao,
                         CASE WHEN BDSiac.dbo.DadosOpcao.DadPerSaidOpc = 99999 THEN 1 ELSE 0 END as OpcaoAtiva 
					FROM            BDSiac.dbo.TB_Aluno LEFT OUTER JOIN 
											 BDSiac.dbo.DadosOpcao ON BDSiac.dbo.TB_Aluno.alumatricula = BDSiac.dbo.DadosOpcao.DadAluMatricula LEFT OUTER JOIN
											 BDSiac.dbo.Opcao ON BDSiac.dbo.DadosOpcao.DadOpcOpcao = BDSiac.dbo.Opcao.OpcOpcao AND BDSiac.dbo.DadosOpcao.DadPerCur BETWEEN BDSiac.dbo.Opcao.OpcPerIni AND 
											 BDSiac.dbo.Opcao.OpcPerFim INNER JOIN
											 BDPessoa.dbo.TB_Pessoa ON BDSiac.dbo.TB_Aluno.AluPesCodigoPessoa = BDPessoa.dbo.TB_Pessoa.PesCodigoPessoa 
					WHERE BDSiac.dbo.TB_Aluno.alunivel=2",
		  "primary_key": "Data"

		},
		"querystring": [
				{
					"name": "filter",
					"type": "string",
					"default" : "",
					"comment": "Filtro principal da pesquisa"
				},
				{
					"name": "fields",
					"type": "string",
					"default" : "",
					"comment": "Campos que devem ser retornados na pesquisa"
				},
				{
					"name": "sort",
					"type": "string",
					"default" : "OpcaoAtiva desc",
					"comment": "Campos que devem ser ordenados"
				}
		],
		"lang" : "erlang",
		"debug" : false
	},
	{
		"name" : "/academico/aluno/:id/historico",
		"comment": "Obter informacoes academicas do aluno por id",
		"owner": "unb_servicos",
		"version": "1.0.0",
		"service" : "br.unb.academico.facade.AlunoFacade:getHistorico",
		"url": "/academico/aluno/:id/historico",
		"type": "GET",
		"lang" : "java"
	},
	
	{
		"name" : "/academico/aluno/:id/orientador",
		"comment": "Cadastrar orientador",
		"owner": "unb_servicos",
		"version": "1.0.0",
		"service" : "br.unb.academico.facade.AlunoFacade:insertOrientador",
		"url": "/academico/aluno/:id/orientador",
		"type": "POST",
		"enable":"false",
		"lang" : "java"	
		
	},
	
	{
		"name" : "/academico/aluno/:id/orientador/:id_2",
		"comment": "Deletar orientador",
		"owner": "unb_servicos",
		"version": "1.0.0",
		"service" : "br.unb.academico.facade.AlunoFacade:deleteOrientador",
		"url": "/academico/aluno/:id/orientador/:id_2",
		"type": "DELETE",
		"enable":"false",
		"lang" : "java"	
	},
	
	{
		"name" : "/academico/aluno/:id/foto",
		"comment": "Lista os alunos disponíveis.",
		"owner": "unb_servicos",
		"version": "1.0.0",
		"service" : "br.unb.academico.facade.AlunoFacade:buscaFotoAluno",
		"url": "/academico/aluno/:id/foto",
		"type": "GET",
		"lang": "java",
		"content_type" : "image/jpeg"		
	},
	
	{
		"name" : "/academico/aluno/:id/contract/c0001",
		"comment": "Solicitação CIC: Informações de contato do aluno.",
		"owner": "unb_servicos",
		"version": "1.0.0",
		"service" : "br.unb.academico.facade.AlunoFacade:getAlunosMatCIC",
		"url": "/academico/aluno/:id/contract/c0001",
		"type": "GET",
		"lang" : "java"	
	},
	{
		"name" : "/academico/aluno/:id/historico",
		"comment": "Obter informacoes academicas do aluno por id",
		"owner": "unb_servicos",
		"version": "1.0.0",
		"service" : "br.unb.academico.facade.AlunoFacade:getHistorico",
		"url": "/academico/aluno/:id/historico",
		"type": "GET",
		"lang" : "java"
	},		
	{
		"name" : "/academico/aluno/:id/habilitacao",
		"comment": "Obter informacoes academicas do aluno por id",
		"owner": "unb_servicos",
		"version": "1.0.0",
		"service" : "br.unb.academico.facade.AlunoFacade:getHabilitacaoAluno",
		"url": "/academico/aluno/:id/habilitacao",
		"type": "GET",
		"lang" : "java"
	},
	{
		"name" : "/academico/aluno/:id/declaracao/regular",
		"comment": "Lista os alunos disponíveis.",
		"owner": "unb_servicos",
		"version": "1.0.0",
		"service" : "br.unb.academico.facade.AlunoFacade:buscaDeclaracaoAlunoRegular",
		"url": "/academico/aluno/:id/declaracao/regular",
		"type": "GET",
		"lang": "java"
	},
	{
		"name" : "/academico/aluno/:id/declaracao/regular/pdf",
		"comment": "Lista os alunos disponíveis.",
		"owner": "unb_servicos",
		"version": "1.0.0",
		"service" : "br.unb.academico.facade.AlunoFacade:buscaDeclaracaoAlunoRegularPdf",
		"url": "/academico/aluno/:id/declaracao/regular/pdf",
		"type": "GET",
		"lang": "java",
		"content_type" : "application/pdf",
		"timeout": 60000
	}

]
