[
	{
		"name": "/administrativo/pais",
		"comment": "Lista de países cadastrados",
		"owner": "unb_servicos",
		"version": "1",
		"service" : "ems_api_query_service:find",
		"url": "/administrativo/pais",
		"type": "GET",
		"result_cache": 60000,
		"datasource" : {
			"extends" : "ds_ems_user_loader",
			"table_name" : "BDTabelaApoio.dbo.TB_Pais",
			"primary_key" : "PaiCodigo"
		},
		"querystring": [
			{
				"name": "filter",
				"type": "string",
				"default" : "",
				"comment": "Filtro principal da pesquisa"
			},
			{
				"name": "fields",
				"type": "string",
				"default" : "",
				"comment": "Campos que devem ser retornados na pesquisa"
			},
			{
				"name": "limit",
				"type": "int",
				"default" : "100",
				"comment": "Quantidade máxima de registros retornados"
			},
			{
				"name": "offset",
				"type": "int",
				"default" : "0",
				"comment": "Offset retornado da consulta"
			},
			{
				"name": "sort",
				"type": "string",
				"default" : "",
				"comment": "Campos que devem ser ordenados"
			}
		],
		"lang" : "erlang"
	},
	{
		"name": "/administrativo/pais:id",
		"comment": "Lista país por id",
		"owner": "unb_servicos",
		"version": "1.0.0",
		"service" : "ems_api_query_service:find_by_id",
		"url": "/administrativo/pais:id",
		"type": "GET",
		"result_cache": 60000,
		"datasource" : {
			"extends" : "ds_ems_user_loader",
			"table_name" : "BDTabelaApoio.dbo.TB_Pais",
			"primary_key" : "PaiCodigo"
		},
		"querystring": [
			{
				"name": "fields",
				"type": "string",
				"default" : "",
				"comment": "Campos que devem ser retornados na pesquisa"
			}
		],
		"lang" : "erlang"
	}
]
