[
	{
		"name": "administrativo/orgaointerno",
		"comment": "Lista os centros de custo da UnB",
		"owner": "unb_servicos",
		"version": "1.0.0",
		"service" : "ems_api_query_service:find",
		"url": "administrativo/orgaointerno",
		"type": "GET",
		"async": "false",
		"datasource" : {
			"extends" : "ds_ems_user_loader",
			"table_name" : "BDTabelaApoio.dbo.TB_OrgaoInterno",
			"primary_key" : "OInCodigo"
		},
		"lang" : "erlang",
		"querystring": [
				{
					"name": "filter",
					"type": "string",
					"default" : "",
					"comment": "Filtro principal da pesquisa"
				},
				{
					"name": "fields",
					"type": "string",
					"default" : "",
					"comment": "Campos que devem ser retornados na pesquisa"
				},
				{
					"name": "limit",
					"type": "int",
					"default" : "100",
					"comment": "Quantidade máxima de registros retornados"
				},
				{
					"name": "offset",
					"type": "int",
					"default" : "1",
					"comment": "Offset retornado da consulta"
				},
				{
					"name": "sort",
					"type": "string",
					"default" : "",
					"comment": "Campos que devem ser ordenados"
				}
			]		
	},

	{
		"name": "administrativo/orgaointerno/:id",
		"comment": "Lista o centro de custo pelo id",
		"owner": "unb_servicos",
		"version": "1.0.0",
		"service" : "ems_api_query_service:find_by_id",
		"url": "administrativo/orgaointerno/:id",
		"type": "GET",
		"datasource" : {
			"extends" : "ds_ems_user_loader",
			"table_name" : "BDTabelaApoio.dbo.TB_OrgaoInterno",
			"primary_key" : "OInCodigo"
		},
		"lang" : "erlang"
	},

	{
		"name": "administrativo/sitab/orgaointerno",
		"comment": "Lista os centros de custo da UnB",
		"owner": "unb_servicos",
		"version": "1.0.0",
		"service" : "ems_api_query_service:find",
		"url": "administrativo/sitab/orgaointerno",
		"type": "GET",
		"async": "false",
		"datasource" : {
			"extends" : "ds_ems_user_loader",
			"table_name" : "BDTabelaApoio.dbo.TB_OrgaoInterno",
			"primary_key" : "OInCodigo"
		},
		"lang" : "erlang",
		"querystring": [
				{
					"name": "filter",
					"type": "string",
					"default" : "",
					"comment": "Filtro principal da pesquisa"
				},
				{
					"name": "fields",
					"type": "string",
					"default" : "",
					"comment": "Campos que devem ser retornados na pesquisa"
				},
				{
					"name": "limit",
					"type": "int",
					"default" : "100",
					"comment": "Quantidade máxima de registros retornados"
				},
				{
					"name": "offset",
					"type": "int",
					"default" : "1",
					"comment": "Offset retornado da consulta"
				},
				{
					"name": "sort",
					"type": "string",
					"default" : "",
					"comment": "Campos que devem ser ordenados"
				}
			]		
	},

	{
		"name": "administrativo/sitab/orgaointerno/:id",
		"comment": "Lista o centro de custo pelo id",
		"owner": "unb_servicos",
		"version": "1.0.0",
		"service" : "ems_api_query_service:find_by_id",
		"url": "administrativo/sitab/orgaointerno/:id",
		"type": "GET",
		"datasource" : {
			"extends" : "ds_ems_user_loader",
			"table_name" : "BDTabelaApoio.dbo.TB_OrgaoInterno",
			"primary_key" : "OInCodigo"
		},
		"lang" : "erlang"
	}

]
