[
	{
		"catalog": "/administrativo/cpd",
		"file": "cpd/catalogo_modulo_cpd.json"
	},
	{
		"catalog": "/administrativo/ru",
		"file": "ru/catalogo_modulo_ru.json"
	},
	{
		"catalog": "/administrativo/sae",
		"file": "sae/catalogo_modulo_sae.json"
	},
	{
		"catalog": "/administrativo/questionario",
		"file": "questionario/catalogo_modulo_questionario.json"
	},
	{
		"catalog": "/administrativo/sgi",
		"file": "sgi/catalogo_sgi.json"
	},
	{
		"catalog": "/administrativo/acesso",
		"file": "acesso/catalogo_modulo_acesso.json"
	},
	{
		"catalog": "/administrativo/acesso",
		"file": "acesso/catalogo_perfil.json"
	},
	{
		"catalog": "/administrativo/apoio",
		"file": "apoio/catalogo_modulo_apoio.json"
	},
	{
		"catalog": "/administrativo/certidao",
		"file": "certidao/catalogo_certidao.json"
	},
	{
		"catalog": "/administrativo/sitab",
		"file": "sitab/catalogo_sitab.json"
	},
	{
		"catalog": "/administrativo/editaldpg",
		"file": "editaldpg/catalogo_modulo_editaldpg.json"
	}
	
	
]
