[
	{
		"name": "/netadm/jboss/tail",
		"comment": "Mostrar o log do servidor JBoss",
		"owner": "netadm",
		"version": "1.0.0",
		"service" : "ems_cmd_service:execute",
		"url": "/netadm/jboss/tail",
		"script" : [ "tail -500 /var/opt/wildfly/node1/standalone/log/server.log" ],
		"content_type" : "plain/text",
		"type": "GET",
		"lang" : "erlang"
	},
	
	{
		"name": "/netadm/jboss/restart",
		"comment": "Reiniciar o servidor JBoss",
		"owner": "netadm",
		"version": "1.0.0",
		"service" : "ems_cmd_service:execute",
		"url": "/netadm/jboss/restart",
		"script" : [ "sudo systemctl restart wildfly_node1.service && echo true || echo false" ],
		"type": "POST",
		"lang" : "erlang"
	}

]
