[

	{
		"name" : "/administrativo/documentodigital/emitir",
		"comment": "Emitir Documento Digital.",
		"owner": "unb_servicos",
		"version": "1.0.0",
		"service" : "br.unb.administrativo.facade.documentoDigital.DocumentoDigitalFacade:emitirDocumentoDigital",
		"url": "/administrativo/documentodigital/emitir",
		"type": "GET",
		"lang": "java",
		"content_type" : "application/pdf",
		"authorization" : "public",
		"timeout": 10000,		
		"querystring": [
			{
				"name": "filter",
				"type": "string",
				"default" : "",
				"comment": "Filtro principal da pesquisa"
			}
		]		
				
	},	
	{
		"name" : "/administrativo/documentodigital/validar",
		"comment": "Validar Documento Digital.",
		"owner": "unb_servicos",
		"version": "1.0.0",
		"service" : "br.unb.administrativo.facade.documentoDigital.DocumentoDigitalFacade:validarDocumentoDigital",
		"url": "/administrativo/documentodigital/validar",
		"type": "GET",
		"lang": "java",
		"content_type" : "application/pdf",
		"authorization" : "public",
		"timeout": 10000,		
		"querystring": [
			{
				"name": "filter",
				"type": "string",
				"default" : "",
				"comment": "Filtro principal da pesquisa"
			}
		]		
				
	},	
	{
		"name" : "/administrativo/documentodigital/tipodocumentodigital",
		"comment": "Recupera lista dos tipos de Documentos Digitais.",
		"owner": "unb_servicos",
		"version": "1.0.0",
		"service" : "br.unb.administrativo.facade.documentoDigital.DocumentoDigitalFacade:buscaListaTipoDocumentoDigital",
		"url": "/administrativo/documentodigital/tipodocumentodigital",
		"type": "GET",
		"lang": "java",
		"content_type" : "application/pdf",		
		"querystring": [
			{
				"name": "filter",
				"type": "string",
				"default" : "",
				"comment": "Filtro principal da pesquisa"
			}
		]		
				
	}
	
]
