[
	{
		"name": "/administrativo/ru/pessoa/:id/saldo",
		"comment": "Verificar saldo de pessoa, por matricula",
		"owner": "ru",
		"version": "1",
		"service": "br.unb.administrativo.facade.ru.PessoaRUFacade:getSaldo",
		"url": "/administrativo/ru/pessoa/:id/saldo",
		"type": "GET",
		"lang": "java",
		"result_cache" : 60000,
		"authorization" : "public"
	}
	,
	{
		"name": "/administrativo/ru/pessoa/:id",
		"comment": "Verificar informacoes de pessoa, por matricula",
		"owner": "ru",
		"version": "1",
		"service": "br.unb.administrativo.facade.ru.PessoaRUFacade:getPessoaRU",
		"url": "/administrativo/ru/pessoa/:id",
		"type": "GET",
		"lang": "java",
		"result_cache" : 60000,
		"authorization" : "public"
	}
]
