[
	{
	    "name": "/sae/estudo/socioeconomico",
		"comment": "Pesquisar estudo socioeconomico",
		"owner": "sae",
		"version": "1",
		"service" : "br.unb.administrativo.facade.sae.EstudoSocioEconomicoFacade:find",
		"url": "/sae/estudo/socioeconomico",
		"type": "GET",
 		"lang": "java",
		"querystring": [
			{
				"name": "filter",
				"type": "string",
				"default" : "",
				"comment": "Filtro principal da pesquisa"
			},
			{
				"name": "fields",
				"type": "string",
				"default" : "",
				"comment": "Campos que devem ser retornados na pesquisa"
			},
			{
				"name": "offset",
				"type": "int",
				"default" : "0",
				"comment": "offset da pesquisa"
			},
			{
				"name": "limit",
				"type": "int",
				"default" : "100",
				"comment": "limite do paginador"
			},
			{
				"name": "sort",
				"type": "string",
				"default" : "",
				"comment": "Campos que devem ser ordenados"
			},
			{
				"name": "filtroAtribuidosAMim",
				"type": "int",
				"default" : "0",
				"comment": "Filtra por estudos atribuídos ao usuário"
			},
			{
				"name": "filtroNaoAtribuidos",
				"type": "int",
				"default" : "0",
				"comment": "Filtra por estudos que não têm atribuição"
			},
			{
				"name": "filtroResponsavel",
				"type": "string",
				"default" : "",
				"comment": "Filtra por um responsável específico"
			}
		]
	},
	
	{
	    "name": "/sae/estudo/socioeconomico/:id",
		"comment": "Retorna estudo socioeconomico específico",
		"owner": "sae",
		"version": "1",
		"service" : "br.unb.administrativo.facade.sae.EstudoSocioEconomicoFacade:findById",
		"url": "/sae/estudo/socioeconomico/:id",
		"type": "GET",
		"lang": "java"
	},	
	{
	    "name": "/sae/estudo/socioeconomico/:id",
		"comment": "Modifica estudo socioeconomico",
		"owner": "sae",
		"version": "1",
		"service" : "br.unb.administrativo.facade.sae.EstudoSocioEconomicoFacade:update",
		"url": "/sae/estudo/socioeconomico/:id",
		"type": "PUT",	
		"lang": "java"
	},	
	{
	    "name": "/sae/estudo/socioeconomico",
		"comment": "Cadastrar estudo socioeconomico",
		"owner": "sae",
		"version": "1",
		"service" : "br.unb.administrativo.facade.sae.EstudoSocioEconomicoFacade:insert",
		"url": "/sae/estudo/socioeconomico",
		"type": "POST",		
		"lang": "java"
	},	
	{
	    "name": "/sae/estudo/socioeconomico/inicializa",
		"comment": "Inicializa um estudo socioeconomico carregando todas as regras inierentes a ele",
		"owner": "sae",
		"version": "1",
		"service" : "br.unb.administrativo.facade.sae.EstudoSocioEconomicoFacade:inicializa",
		"url": "/sae/estudo/socioeconomico/inicializa",
		"type": "GET",
		"result_cache": 0,
		"lang": "java"
	},
	{
	    "name": "/sae/estudo/socioeconomico/inicializa/:id",
		"comment": "Inicializa um estudo socioeconomico de uma matrícula carregando todas as regras inierentes a ele",
		"owner": "sae",
		"version": "1",
		"service" : "br.unb.administrativo.facade.sae.EstudoSocioEconomicoFacade:inicializaMatricula",
		"url": "/sae/estudo/socioeconomico/inicializa/:id",
		"type": "GET",
		"result_cache": 0,
		"lang": "java"
	},
	{
	    "name": "/sae/estudo/socioeconomico/:id/possuiPerfil",
		"comment": "Verifica se um estudo preliminar tem perfil socioeconomico",
		"owner": "sae",
		"version": "1",
		"service" : "br.unb.administrativo.facade.sae.EstudoSocioEconomicoFacade:verificaPerfilEstudoPreliminar",
		"url": "/sae/estudo/socioeconomico/:id/possuiPerfil",
		"type": "GET",
		"lang": "java"
	},	
	{
	    "name": "/sae/estudo/socioeconomico/:id/associar",
		"comment": "Modifica estudo socioeconomico",
		"owner": "sae",
		"version": "1",
		"service" : "br.unb.administrativo.facade.sae.EstudoSocioEconomicoFacade:associar",
		"url": "/sae/estudo/socioeconomico/:id/associar",
		"type": "PUT",
		"lang": "java"
	},	
	{
	    "name": "/sae/estudo/socioeconomico/:id/associar",
		"comment": "Modifica estudo socioeconomico",
		"owner": "sae",
		"version": "1",
		"service" : "br.unb.administrativo.facade.sae.EstudoSocioEconomicoFacade:associar",
		"url": "/sae/estudo/socioeconomico/:id/associar",
		"type": "PUT",
		"lang": "java"
	},
	{
	    "name": "/sae/estudo/socioeconomico/questionario",
		"comment": "Serviço que carrega questionarios do sae. Criei para melhorar a Performance, pois jah carrego tudo pronto pra mostrar. ",
		"owner": "questionario",
		"version": "1",
		"service" : "br.unb.administrativo.facade.sae.EstudoSocioEconomicoFacade:recuperaQuestionario",
		"url": "/sae/estudo/socioeconomico/questionario",
		"type": "GET",
		"lang": "java",
		"querystring": [
			{
				"name": "idResposta",
				"type": "int",
				"default" : "0",
				"comment": "id da Resposta"
			},	
			{
				"name": "nomeQuestionario",
				"type": "string",
				"default" : "",
				"comment": "Nome Unico do questionario"
			},
			{
				"name": "idEstudo",
				"type": "int",
				"default" : "0",
				"comment": "id do Estudo"
			}
					
		]
	},
	{
	    "name": "/sae/estudo/socioeconomico/:id/agendamento",
		"comment": "Envia um e-mail para o aluno solicitando o agendamento.",
		"owner": "sae",
		"version": "1",
		"service" : "br.unb.administrativo.facade.sae.EstudoSocioEconomicoFacade:agendamento",
		"url": "/sae/estudo/socioeconomico/:id/agendamento",
		"type": "GET",
		"lang": "java"
	},
	{
	    "name": "/sae/estudo/socioeconomico/total/estudos",
		"comment": "Verifica o total de estudos na base de dados.",
		"owner": "sae",
		"version": "1",
		"service" : "br.unb.administrativo.facade.sae.EstudoSocioEconomicoFacade:count",
		"url": "/sae/estudo/socioeconomico/total/estudos",
		"type": "GET",
		"lang": "java"
	},
	{
	    "name": "/sae/estudo/socioeconomico/script/:id",
		"comment": "Executa um script para corrigir ou altera algo no sistema",
		"owner": "sae",
		"version": "1",
		"service" : "br.unb.administrativo.facade.sae.EstudoSocioEconomicoFacade:executarScript",
		"url": "/sae/estudo/socioeconomico/script/:id",
		"type": "GET",
		"result_cache": 0,
		"lang": "java"
	}		
]
