[
	{
	    "name": "/sae/documentacao/pendente",
		"comment": "Pesquisar documentação pendente",
		"owner": "sae",
		"version": "1",
		"service" : "br.unb.administrativo.facade.sae.DocumentacaoPendenteFacade:find",
		"url": "/sae/documentacao/pendente",
		"type": "GET",		
		"APIkey":"true",
		"lang": "java",
		"querystring": [
			{
				"name": "filter",
				"type": "string",
				"default" : "",
				"comment": "Filtro principal da pesquisa"
			},
			{
				"name": "fields",
				"type": "string",
				"default" : "",
				"comment": "Campos que devem ser retornados na pesquisa"
			},
			{
				"name": "offset",
				"type": "int",
				"default" : "0",
				"comment": "offset da pesquisa"
			},
			{
				"name": "limit",
				"type": "int",
				"default" : "100",
				"comment": "limite do paginador"
			},
			{
				"name": "sort",
				"type": "string",
				"default" : "",
				"comment": "Campos que devem ser ordenados"
			}
		]
	},
	
	{
	    "name": "/sae/documentacao/pendente/:id",
		"comment": "Retorna documentação pendente específico",
		"owner": "sae",
		"version": "1",
		"service" : "br.unb.administrativo.facade.sae.DocumentacaoPendenteFacade:findById",
		"url": "/sae/documentacao/pendente/:id",
		"type": "GET",
		"APIkey":"true",
		"lang": "java"
	},
	
	{
	    "name": "/sae/documentacao/pendente/:id",
		"comment": "Modifica documentação pendente",
		"owner": "sae",
		"version": "1",
		"service" : "br.unb.administrativo.facade.sae.DocumentacaoPendenteFacade:update",
		"url": "/sae/documentacao/pendente/:id",
		"type": "PUT",
		"APIkey":"true",
		"lang": "java"
	},
	
	{
	    "name": "/sae/documentacao/pendente",
		"comment": "Cadastrar documentação pendente",
		"owner": "sae",
		"version": "1",
		"service" : "br.unb.administrativo.facade.sae.DocumentacaoPendenteFacade:insert",
		"url": "/sae/documentacao/pendente",
		"type": "POST",
		"APIkey":"true",
		"lang": "java"
	},
	
	{
	    "name": "/sae/documentacao/pendente/:id",
		"comment": "Excluir documentação pendente",
		"owner": "sae",
		"version": "1",
		"service" : "br.unb.administrativo.facade.sae.DocumentacaoPendenteFacade:delete",
		"url": "/sae/documentacao/pendente/:id",
		"type": "DELETE",
		"APIkey":"true",
		"lang": "java"
	}
]