[
	{
	    "name": "/sae/valoralimentacao",
		"comment": "Pesquisar valor alimentação",
		"owner": "sae",
		"version": "1",
		"service" : "br.unb.administrativo.facade.sae.ValorAlimentacaoFacade:find",
		"url": "/sae/valoralimentacao",
		"type": "GET",
		"APIkey":"true",
		"lang": "java",
		"querystring": [
			{
				"name": "filter",
				"type": "string",
				"default" : "",
				"comment": "Filtro principal da pesquisa"
			},
			{
				"name": "fields",
				"type": "string",
				"default" : "",
				"comment": "Campos que devem ser retornados na pesquisa"
			},
			{
				"name": "offset",
				"type": "int",
				"default" : "0",
				"comment": "offset da pesquisa"
			},
			{
				"name": "limit",
				"type": "int",
				"default" : "100",
				"comment": "limite do paginador"
			},
			{
				"name": "sort",
				"type": "string",
				"default" : "",
				"comment": "Campos que devem ser ordenados"
			}
		]
	},
	
	{
	    "name": "/sae/valoralimentacao/:id",
		"comment": "Retorna valor alimentação específico",
		"owner": "sae",
		"version": "1",
		"service" : "br.unb.administrativo.facade.sae.ValorAlimentacaoFacade:findById",
		"url": "/sae/valoralimentacao/:id",
		"type": "GET",
		"APIkey":"true",
		"lang": "java"
	},
	
	{
	    "name": "/sae/valoralimentacao/:id",
		"comment": "Modifica valor alimentação",
		"owner": "sae",
		"version": "1",
		"service" : "br.unb.administrativo.facade.sae.ValorAlimentacaoFacade:update",
		"url": "/sae/valoralimentacao/:id",
		"type": "PUT",
		"APIkey":"true",
		"lang": "java"
	},
	
	{
	    "name": "/sae/valoralimentacao",
		"comment": "Cadastrar valor alimentação",
		"owner": "sae",
		"version": "1",
		"service" : "br.unb.administrativo.facade.sae.ValorAlimentacaoFacade:insert",
		"url": "/sae/valoralimentacao",
		"type": "POST",
		"APIkey":"true",
		"lang": "java"
	},
	
	{
	    "name": "/sae/valoralimentacao/:id",
		"comment": "Excluir valor alimentação",
		"owner": "sae",
		"version": "1",
		"service" : "br.unb.administrativo.facade.sae.ValorAlimentacaoFacade:delete",
		"url": "/sae/valoralimentacao/:id",
		"type": "DELETE",
		"APIkey":"true",
		"lang": "java"
	}
]
