[
	{
	    "name": "/sae/aluno/:id/ocorrencia",
		"comment": "Cadastrar ocorrência para o aluno",
		"owner": "sae",
		"version": "1",
		"service" : "br.unb.administrativo.facade.sae.AlunoSaeFacade:inserirOcorrenciaAluno",
		"url": "/sae/aluno/:id/ocorrencia",
		"type": "POST",
		"APIkey":"true",
		"lang": "java"
	},
	
	{
	    "name": "/sae/aluno/:id/ocorrencia/:id_2",
		"comment": "Modificar ocorrência do aluno",
		"owner": "sae",
		"version": "1",
		"service" : "br.unb.administrativo.facade.sae.AlunoSaeFacade:atualizaOcorrenciaAluno",
		"url": "/sae/aluno/:id/ocorrencia/:id_2",
		"type": "PUT",
		"APIkey":"true",
		"lang": "java"
	},
	
	{
	    "name": "/sae/aluno/:id/ocorrencia/:id_2",
		"comment": "Localiza a ocorrência do aluno",
		"owner": "sae",
		"version": "1",
		"service" : "br.unb.administrativo.facade.sae.AlunoSaeFacade:findOcorrenciaAluno",
		"url": "/sae/aluno/:id/ocorrencia/:id_2",
		"type": "GET",
		"APIkey":"true",
		"lang": "java"
	},
	
	{
	    "name": "/sae/aluno/:id/ocorrencia",
		"comment": "Listar as ocorrencias do aluno",
		"owner": "sae",
		"version": "1",
		"service" : "br.unb.administrativo.facade.sae.AlunoSaeFacade:listaOcorrenciaAluno",
		"url": "/sae/aluno/:id/ocorrencia",
		"type": "GET",
		"APIkey":"true",
		"lang": "java"
	},
	
	{
	    "name": "/sae/aluno/:id/ocorrencia/:id_2",
		"comment": "Excluir ocorrência do aluno",
		"owner": "sae",
		"version": "1",
		"service" : "br.unb.administrativo.facade.sae.AlunoSaeFacade:excluirOcorrenciaAluno",
		"url": "/sae/aluno/:id/ocorrencia/:id_2",
		"type": "DELETE",
		"APIkey":"true",
		"lang": "java"
	},
	
	{
	    "name": "/sae/aluno/:id/assinatura_termo_concessao_vale_alimentacao",
		"comment": "Assina o termo de concessão do vale alimentação para o aluno.",
		"owner": "sae",
		"version": "1",
		"service" : "br.unb.administrativo.facade.sae.AlunoSaeFacade:assinaTermoConcessaoValeAlimentacao",
		"url": "/sae/aluno/:id/assinatura_termo_concessao_vale_alimentacao",
		"type": "POST",
		"APIkey":"true",
		"lang": "java"
	},
	
	{
	    "name": "/sae/aluno/:id/assinatura_termo_concessao_vale_alimentacao/:id_2",
		"comment": "Assina o termo de concessão do vale alimentação para o aluno.",
		"owner": "sae",
		"version": "1",
		"service" : "br.unb.administrativo.facade.sae.AlunoSaeFacade:assinaTermoConcessaoValeAlimentacao",
		"url": "/sae/aluno/:id/assinatura_termo_concessao_vale_alimentacao/:id_2",
		"type": "PUT",
		"APIkey":"true",
		"lang": "java"
	},
	
	{
	    "name": "/sae/aluno/:id/assinatura_termo_concessao_vale_alimentacao/:id_2",
		"comment": "Retora o termo de concessão do vale alimentação de um período para o aluno.",
		"owner": "sae",
		"version": "1",
		"service" : "br.unb.administrativo.facade.sae.AlunoSaeFacade:listaAssinaturaTermoConcessaoValeAlimentacao",
		"url": "/sae/aluno/:id/assinatura_termo_concessao_vale_alimentacao/:id_2",
		"type": "GET",
		"APIkey":"true",
		"lang": "java"
	},
	
	{
	    "name": "/sae/aluno/:id/assinatura_termo_concessao_vale_alimentacao",
		"comment": "Lista termos de concessão do vale alimentação do aluno.",
		"owner": "sae",
		"version": "1",
		"service" : "br.unb.administrativo.facade.sae.AlunoSaeFacade:listaAssinaturaTermoConcessaoValeAlimentacao",
		"url": "/sae/aluno/:id/assinatura_termo_concessao_vale_alimentacao",
		"type": "GET",
		"APIkey":"true",
		"lang": "java"
	},
	
	{
	    "name": "/sae/aluno/:id/assinatura_termo_concessao_vale_alimentacao/:id_2",
		"comment": "Exclui o termo de concessão do vale alimentação do aluno.",
		"owner": "sae",
		"version": "1",
		"service" : "br.unb.administrativo.facade.sae.AlunoSaeFacade:removeAssinaturaTermoConcessaoValeAlimentacao",
		"url": "/sae/aluno/:id/assinatura_termo_concessao_vale_alimentacao/:id_2",
		"type": "DELETE",
		"APIkey":"true",
		"lang": "java"
	},
	
	{
		"name" : "/sae/aluno/:id/agendamento_entrevista",
		"comment": "Agenda entrevista presencial para aluno.",
		"owner": "sae",
		"version": "1",
		"service" : "br.unb.administrativo.facade.sae.AlunoSaeFacade:agendarEntrevista",
		"url": "/sae/aluno/:id/agendamento_entrevista",
		"type": "POST",
		"APIkey":"true",
		"lang": "java"
	},
	
	{
		"name" : "/sae/aluno/:id/agendamento_entrevista",
		"comment": "Lista agendamentos de entrevista presencial do aluno.",
		"owner": "sae",
		"version": "1",
		"service" : "br.unb.administrativo.facade.sae.AlunoSaeFacade:findAgendamentoEntrevista",
		"url": "/sae/aluno/:id/agendamento_entrevista",
		"type": "GET",
		"APIkey":"true",
		"lang": "java"
	},
	
	{
		"name" : "/sae/aluno/:id/agendamento_entrevista/:id_2",
		"comment": "Retorna um agendamento de entrevista presencial do aluno.",
		"owner": "sae",
		"version": "1",
		"service" : "br.unb.administrativo.facade.sae.AlunoSaeFacade:findAgendamentoEntrevistaById",
		"url": "/sae/aluno/:id/agendamento_entrevista/:id_2",
		"type": "GET",
		"APIkey":"true",
		"lang": "java"
	},
	
	{
		"name" : "/sae/aluno/:id/agendamento_entrevista/:id_2",
		"comment": "Remove agendamento de entrevista presencial do aluno.",
		"owner": "sae",
		"version": "1",
		"service" : "br.unb.administrativo.facade.sae.AlunoSaeFacade:removeAgendamentoEntrevista",
		"url": "/sae/aluno/:id/agendamento_entrevista/:id_2",
		"type": "DELETE",
		"APIkey":"true",
		"lang": "java"
	}
]




