[
	{
		"catalog": "/administrativo/sae/agenda", 
		"file": "catalogo_agenda.json"
	},

	{
		"catalog": "/administrativo/sae/aluno", 
		"file": "catalogo_aluno.json"
	},
	
	{
		"catalog": "/administrativo/sae/documentacao_pendente", 
		"file": "catalogo_documentacao_pendente.json"
	},
	
	{
		"catalog": "/administrativo/sae/catalogo_documentacao", 
		"file": "catalogo_documentacao.json"
	},
	{
		"catalog": "/administrativo/sae/estudo_preliminar", 
		"file": "catalogo_estudo_preliminar.json"
	},
	{
		"catalog": "/administrativo/sae/estudo_socioeconomico", 
		"file": "catalogo_estudo_socioeconomico.json"
	},
	{
		"catalog": "/administrativo/sae/catalogo_grupo_familiar", 
		"file": "catalogo_grupo_familiar.json"
	},
	{
		"catalog": "/administrativo/sae/valoralimentacao", 
		"file": "catalogo_valoralimentacao.json"
	},
	{
		"catalog": "/administrativo/sae/catalogo_pontuacao", 
		"file": "catalogo_pontuacao.json"
	},
	{
		"catalog": "/administrativo/sae/catalogo_validacao", 
		"file": "catalogo_validacao.json"
	}
	
	
	
]
