[	
	{
	    "name": "/sae/pontuacao",
		"comment": "Pesquisar pontuacao",
		"owner": "sae",
		"version": "1",
		"service" : "br.unb.administrativo.facade.sae.PontuacaoFacade:find",
		"url": "/sae/pontuacao",
		"type": "GET",
		"APIkey":"true",
		"lang": "java",
		"querystring": [
			{
				"name": "filter",
				"type": "string",
				"default" : "",
				"comment": "Filtro principal da pesquisa"
			},
			{
				"name": "fields",
				"type": "string",
				"default" : "",
				"comment": "Campos que devem ser retornados na pesquisa"
			},
			{
				"name": "offset",
				"type": "int",
				"default" : "0",
				"comment": "offset da pesquisa"
			},
			{
				"name": "limit",
				"type": "int",
				"default" : "100",
				"comment": "limite do paginador"
			},
			{
				"name": "sort",
				"type": "string",
				"default" : "",
				"comment": "Campos que devem ser ordenados"
			}
		]
	},	
	{
	    "name": "/sae/pontuacao/:id",
		"comment": "Retorna Pontuacao específico",
		"owner": "sae",
		"version": "1",
		"service" : "br.unb.administrativo.facade.sae.PontuacaoFacade:findById",
		"url": "/sae/pontuacao/:id",
		"type": "GET",
		"APIkey":"true",
		"lang": "java"
	},
	
	{
	    "name": "/sae/pontuacao/:id",
		"comment": "Modifica Pontuacao",
		"owner": "sae",
		"version": "1",
		"service" : "br.unb.administrativo.facade.sae.PontuacaoFacade:update",
		"url": "/sae/pontuacao/:id",
		"type": "PUT",
		"APIkey":"true",
		"lang": "java"
	},
	
	{
	    "name": "/sae/pontuacao",
		"comment": "Cadastrar Pontuacao",
		"owner": "sae",
		"version": "1",
		"service" : "br.unb.administrativo.facade.sae.PontuacaoFacade:insert",
		"url": "/sae/pontuacao",
		"type": "POST",
		"APIkey":"true",
		"lang": "java"
	},	
	
	{
	    "name": "/sae/pontuacao/:id",
		"comment": "Excluir Pontuacao",
		"owner": "sae",
		"version": "1",
		"service" : "br.unb.administrativo.facade.sae.PontuacaoFacade:delete",
		"url": "/sae/pontuacao/:id",
		"type": "DELETE",
		"APIkey":"true",
		"lang": "java"
	},
	{
	    "name": "/sae/pontuacao/calcular/:id",
		"comment": "Calcular a Pontuacao de um estudo",
		"owner": "sae",
		"version": "1",
		"service" : "br.unb.administrativo.facade.sae.PontuacaoFacade:calcular",
		"url": "/sae/pontuacao/calcular/:id",
		"type": "GET",
		"APIkey":"true",
		"lang": "java"
	},
	{
	    "name": "/sae/pontuacao/:id/encerrar",
		"comment": "Encerra uma Pontuacao",
		"owner": "sae",
		"version": "1",
		"service" : "br.unb.administrativo.facade.sae.PontuacaoFacade:encerrar",
		"url": "/sae/pontuacao/:id/encerrar",
		"type": "PUT",
		"APIkey":"true",
		"lang": "java"
	},
	{
	    "name": "/sae/pontuacao/resultado",
		"comment": "Retorna a Lista de Pontuação de um aluno",
		"owner": "sae",
		"version": "1",
		"service" : "br.unb.administrativo.facade.sae.PontuacaoFacade:resultado",
		"url": "/sae/pontuacao/resultado",
		"type": "GET",
		"APIkey":"true",
		"lang": "java",
		"result_cache": 0
	}

]