[
	
	{
		"name" : "/sae/documentacao",
		"comment": "Pesquisar documentação.",
		"owner": "sae",
		"version": "1",
		"service" : "br.unb.administrativo.facade.sae.DocumentacaoFacade:find",
		"url": "/sae/documentacao",
		"type": "GET",
		"APIkey":"true",
		"lang": "java",
		"querystring": [
			{
				"name": "filter",
				"type": "string",
				"default" : "",
				"comment": "Filtro principal da pesquisa"
			},
			{
				"name": "fields",
				"type": "string",
				"default" : "",
				"comment": "Campos que devem ser retornados na pesquisa"
			},
			{
				"name": "offset",
				"type": "int",
				"default" : "0",
				"comment": "offset da pesquisa"
			},
			{
				"name": "limit",
				"type": "int",
				"default" : "100",
				"comment": "limite do paginador"
			},
			{
				"name": "sort",
				"type": "string",
				"default" : "",
				"comment": "Campos que devem ser ordenados"
			}
		]
	},
	
	{
	    "name": "/sae/documentacao/:id",
		"comment": "Retorna documentação específica",
		"owner": "sae",
		"version": "1",
		"service" : "br.unb.administrativo.facade.sae.DocumentacaoFacade:findById",
		"url": "/sae/documentacao/:id",
		"host": "local",
		"type": "GET",
		"APIkey":"true",
		"lang": "java"
	},
	
	{
	    "name": "/sae/documentacao/:id",
		"comment": "Modifica documentação",
		"owner": "sae",
		"version": "1",
		"service" : "br.unb.administrativo.facade.sae.DocumentacaoFacade:update",
		"url": "/sae/documentacao/:id",
		"host": "local",
		"type": "PUT",
		"APIkey":"true",
		"lang": "java"
	},
	
	{
	    "name": "/sae/documentacao",
		"comment": "Cadastrar documentação",
		"owner": "sae",
		"version": "1",
		"service" : "br.unb.administrativo.facade.sae.DocumentacaoFacade:insert",
		"url": "/sae/documentacao",
		"host": "local",
		"type": "POST",
		"APIkey":"true",
		"lang": "java"
	},
	
	{
	    "name": "/sae/documentacao/:id",
		"comment": "Excluir documentação",
		"owner": "sae",
		"version": "1",
		"service" : "br.unb.administrativo.facade.sae.DocumentacaoFacade:delete",
		"url": "/sae/documentacao/:id",
		"host": "local",
		"type": "DELETE",
		"APIkey":"true",
		"lang": "java"
	}
]
