[
	{
	    "name": "/sae/estudo/grupofamiliar",
		"comment": "Pesquisar estudo grupofamiliar",
		"owner": "sae",
		"version": "1",
		"service" : "br.unb.administrativo.facade.sae.GrupoFamiliarFacade:find",
		"url": "/sae/estudo/grupofamiliar",
		"type": "GET",
		"APIkey":"true",
		"lang": "java",
		"querystring": [
			{
				"name": "filter",
				"type": "string",
				"default" : "",
				"comment": "Filtro principal da pesquisa"
			},
			{
				"name": "fields",
				"type": "string",
				"default" : "",
				"comment": "Campos que devem ser retornados na pesquisa"
			},
			{
				"name": "offset",
				"type": "int",
				"default" : "0",
				"comment": "offset da pesquisa"
			},
			{
				"name": "limit",
				"type": "int",
				"default" : "100",
				"comment": "limite do paginador"
			},
			{
				"name": "sort",
				"type": "string",
				"default" : "",
				"comment": "Campos que devem ser ordenados"
			}
		]
	},	
	{
	    "name": "/sae/estudo/grupofamiliar/:id",
		"comment": "Retorna grupofamiliar específico",
		"owner": "sae",
		"version": "1",
		"service" : "br.unb.administrativo.facade.sae.GrupoFamiliarFacade:findById",
		"url": "/sae/estudo/grupofamiliar/:id",
		"type": "GET",
		"APIkey":"true",
		"lang": "java"
	},	
	{
	    "name": "/sae/estudo/grupofamiliar",
		"comment": "Cadastrar grupofamiliar",
		"owner": "sae",
		"version": "1",
		"service" : "br.unb.administrativo.facade.sae.GrupoFamiliarFacade:insert",
		"url": "/sae/estudo/grupofamiliar",
		"type": "POST",
		"APIkey":"true",
		"lang": "java"
	},	
	{
	    "name": "/sae/estudo/grupofamiliar/:id",
		"comment": "Excluir grupofamiliar",
		"owner": "sae",
		"version": "1",
		"service" : "br.unb.administrativo.facade.sae.GrupoFamiliarFacade:delete",
		"url": "/sae/estudo/grupofamiliar/:id",
		"type": "DELETE",
		"APIkey":"true",
		"lang": "java"
	}
	

]