[
	{
		"name" : "/sae/agenda",
		"comment": "Registra agenda disponível para atendimento.",
		"owner": "sae",
		"version": "1",
		"service" : "br.unb.administrativo.facade.sae.AgendaFacade:registraAgenda",
		"url": "/sae/agenda",
		"type": "POST",
		"APIkey":"true",
		"lang": "java"
	},

	{
		"name" : "/sae/agenda/:id",
		"comment": "Modifica agenda disponível para atendimento.",
		"owner": "sae",
		"version": "1",
		"service" : "br.unb.administrativo.facade.sae.AgendaFacade:registraAgenda",
		"url": "/sae/agenda/:id",
		"type": "PUT",
		"APIkey":"true",
		"lang": "java"
	},

	{
		"name" : "/sae/agenda/:id",
		"comment": "Retorna agenda disponível para atendimento.",
		"owner": "sae",
		"version": "1",
		"service" : "br.unb.administrativo.facade.sae.AgendaFacade:findById",
		"url": "/sae/agenda/:id",
		"type": "GET",
		"APIkey":"true",
		"lang": "java"
	},

	{
		"name" : "/sae/agenda/:id",
		"comment": "Remove agenda disponível para atendimento.",
		"owner": "sae",
		"version": "1",
		"service" : "br.unb.administrativo.facade.sae.AgendaFacade:removeAgenda",
		"url": "/sae/agenda/:id",
		"type": "DELETE",
		"APIkey":"true",
		"lang": "java"
	},

	{
		"name" : "/sae/agenda",
		"comment": "Lista as agendas disponíveis para atendimento.",
		"owner": "sae",
		"version": "1",
		"service" : "br.unb.administrativo.facade.sae.AgendaFacade:listaAgenda",
		"url": "/sae/agenda",
		"type": "GET",
		"APIkey":"true",
		"lang": "java",
		"querystring": [
			{
				"name": "filter",
				"type": "string",
				"default" : "",
				"comment": "Filtro principal da pesquisa"
			},
			{
				"name": "fields",
				"type": "string",
				"default" : "",
				"comment": "Campos que devem ser retornados na pesquisa"
			},
			{
				"name": "offset",
				"type": "int",
				"default" : "0",
				"comment": "offset da pesquisa"
			},
			{
				"name": "limit",
				"type": "int",
				"default" : "100",
				"comment": "limite do paginador"
			},
			{
				"name": "sort",
				"type": "string",
				"default" : "",
				"comment": "Campos que devem ser ordenados"
			}
		]
	}
]
