[	
	{
	    "name": "/sae/validacao",
		"comment": "Pesquisar validacao",
		"owner": "sae",
		"version": "1",
		"service" : "br.unb.administrativo.facade.sae.ValidacaoFacade:find",
		"url": "/sae/validacao",
		"type": "GET",
		"APIkey":"true",
		"lang": "java",
		"result_cache": 0,
		"querystring": [
			{
				"name": "filter",
				"type": "string",
				"default" : "",
				"comment": "Filtro principal da pesquisa"
			},
			{
				"name": "fields",
				"type": "string",
				"default" : "",
				"comment": "Campos que devem ser retornados na pesquisa"
			},
			{
				"name": "offset",
				"type": "int",
				"default" : "0",
				"comment": "offset da pesquisa"
			},
			{
				"name": "limit",
				"type": "int",
				"default" : "100",
				"comment": "limite do paginador"
			},
			{
				"name": "sort",
				"type": "string",
				"default" : "",
				"comment": "Campos que devem ser ordenados"
			}
		]
	},	
	{
	    "name": "/sae/validacao/completo",
		"comment": "Pesquisar validacao Completa",
		"owner": "sae",
		"version": "1",
		"service" : "br.unb.administrativo.facade.sae.ValidacaoFacade:findCompleto",
		"url": "/sae/validacao/completo",
		"type": "GET",
		"APIkey":"true",
		"lang": "java",
		"result_cache": 0,
		"querystring": [
			{
				"name": "filter",
				"type": "string",
				"default" : "",
				"comment": "Filtro principal da pesquisa"
			},
			{
				"name": "fields",
				"type": "string",
				"default" : "",
				"comment": "Campos que devem ser retornados na pesquisa"
			},
			{
				"name": "offset",
				"type": "int",
				"default" : "0",
				"comment": "offset da pesquisa"
			},
			{
				"name": "limit",
				"type": "int",
				"default" : "100",
				"comment": "limite do paginador"
			},
			{
				"name": "sort",
				"type": "string",
				"default" : "",
				"comment": "Campos que devem ser ordenados"
			}
		]
	},	
	{
	    "name": "/sae/validacao/:id",
		"comment": "Retorna Validacao específico",
		"owner": "sae",
		"version": "1",
		"service" : "br.unb.administrativo.facade.sae.ValidacaoFacade:findById",
		"url": "/sae/validacao/:id",
		"type": "GET",
		"APIkey":"true",
		"lang": "java"
	},
	
	{
	    "name": "/sae/validacao/:id",
		"comment": "Modifica Validacao",
		"owner": "sae",
		"version": "1",
		"service" : "br.unb.administrativo.facade.sae.ValidacaoFacade:update",
		"url": "/sae/validacao/:id",
		"type": "PUT",
		"APIkey":"true",
		"lang": "java"
	},
	
	{
	    "name": "/sae/validacao",
		"comment": "Cadastrar Validacao",
		"owner": "sae",
		"version": "1",
		"service" : "br.unb.administrativo.facade.sae.ValidacaoFacade:insert",
		"url": "/sae/validacao",
		"type": "POST",
		"APIkey":"true",
		"lang": "java"
	},	
	
	{
	    "name": "/sae/validacao/:id",
		"comment": "Excluir Validacao",
		"owner": "sae",
		"version": "1",
		"service" : "br.unb.administrativo.facade.sae.ValidacaoFacade:delete",
		"url": "/sae/validacao/:id",
		"type": "DELETE",
		"APIkey":"true",
		"lang": "java"
	},
	{
	    "name": "/sae/validacao/alterarSituacao/:id",
		"comment": "Altera o Status de Um estudo pela tela de Validacao",
		"owner": "sae",
		"version": "1",
		"service" : "br.unb.administrativo.facade.sae.ValidacaoFacade:alterarSituacao",
		"url": "/sae/validacao/alterarSituacao/:id",
		"type": "PUT",
		"APIkey":"true",
		"lang": "java"
	}
	
	

]