[
	{
		"catalog": "/administrativo/questionario/categoria", 
		"file": "catalogo_categoria_pergunta.json"
	},

	{
		"catalog": "/administrativo/questionario/pergunta", 
		"file": "catalogo_pergunta.json"
	},
	
	{
		"catalog": "/administrativo/questionario/questionario", 
		"file": "catalogo_questionario.json"
	},
	
	{
		"catalog": "/administrativo/questionario/catalogo_tipo_questionario", 
		"file": "catalogo_tipo_questionario.json"
	},
	{
		"catalog": "/administrativo/questionario/resposta", 
		"file": "catalogo_resposta.json"
	},
	{
		"catalog": "/administrativo/questionario/resposta_item", 
		"file": "catalogo_resposta_item.json"
	},
	{
		"catalog": "/administrativo/questionario/opcao", 
		"file": "catalogo_opcao.json"
	},
	{
		"catalog": "/administrativo/questionario/catalogo_questionario_exemplo_servico", 	
		"file": "catalogo_questionario_exemplo_servico.json"
	},
	{
		"catalog": "/administrativo/questionario/catalogo_pergunta_vinculada", 	
		"file": "catalogo_pergunta_vinculada.json"
	},
	{
		"catalog": "/administrativo/questionario/catalogo_resposta_item_arquivo", 	
		"file": "catalogo_resposta_item_arquivo.json"
	},
	{
		"catalog": "/administrativo/questionario/catalogo_perfil_resposta", 	
		"file": "catalogo_perfil_resposta.json"
	},
	{
		"catalog": "/administrativo/questionario/catalogo_perfil_tipo_questionario", 	
		"file": "catalogo_perfil_tipo_questionario.json"
	}
	
]
