[
	{
	    "name": "/questionario/pergunta",
		"comment": "Cria uma pergunta",
		"owner": "questionario",
		"version": "1",
		"service" : "br.unb.administrativo.facade.questionario.PerguntaFacade:insert",
		"url": "/questionario/pergunta",
		"type": "POST",
		"APIkey":"true",
		"lang": "java"
	},
	{
	    "name": "/questionario/pergunta/ordenar",
		"comment": "Ordena a posicao de uma pergunta",
		"owner": "questionario",
		"version": "1",
		"service" : "br.unb.administrativo.facade.questionario.PerguntaFacade:ordenar",
		"url": "/questionario/pergunta/ordenar",
		"type": "POST",
		"APIkey":"true",
		"lang": "java"
	},
	
	{
	    "name": "/questionario/pergunta/:id",
		"comment": "Altera uma pergunta",
		"owner": "questionario",
		"version": "1",
		"service" : "br.unb.administrativo.facade.questionario.PerguntaFacade:update",
		"url": "/questionario/pergunta/:id",
		"type": "PUT",
		"APIkey":"true",
		"lang": "java"
	},
	
	{
	    "name": "/questionario/pergunta/:id",
		"comment": "Busca uma pergunta por id",
		"owner": "questionario",
		"version": "1",
		"service" : "br.unb.administrativo.facade.questionario.PerguntaFacade:findById",
		"url": "/questionario/pergunta/:id",
		"type": "GET",
		"APIkey":"true",
		"lang": "java"
	},
	
	{
	    "name": "/questionario/pergunta",
		"comment": "Lista as perguntas",
		"owner": "questionario",
		"version": "1",
		"service" : "br.unb.administrativo.facade.questionario.PerguntaFacade:find",
		"url": "/questionario/pergunta",
		"type": "GET",
		"APIkey":"true",
		"lang": "java",
		"querystring": [
			{
				"name": "filter",
				"type": "string",
				"default" : "",
				"comment": "Filtro principal da pesquisa"
			},
			{
				"name": "fields",
				"type": "string",
				"default" : "",
				"comment": "Campos que devem ser retornados na pesquisa"
			},
			{
				"name": "offset",
				"type": "int",
				"default" : "0",
				"comment": "offset da pesquisa"
			},
			{
				"name": "limit",
				"type": "int",
				"default" : "10000",
				"comment": "limite do paginador"
			},
			{
				"name": "sort",
				"type": "string",
				"default" : "",
				"comment": "Campos que devem ser ordenados"
			}
		]
	},
	
	{
	    "name": "/questionario/pergunta/:id",
		"comment": "Excluir uma pergunta",
		"owner": "questionario",
		"version": "1",
		"service" : "br.unb.administrativo.facade.questionario.PerguntaFacade:delete",
		"url": "/questionario/pergunta/:id",
		"type": "DELETE",
		"APIkey":"true",
		"lang": "java"
	}
	

]


