[
	{
	    "name": "/questionario/opcao",
		"comment": "Cria uma opcao",
		"owner": "questionario",
		"version": "1",
		"service" : "br.unb.administrativo.facade.questionario.OpcaoFacade:insert",
		"url": "/questionario/opcao",
		"type": "POST",
		"APIkey":"true",
		"lang": "java"
	},
	{
	    "name": "/questionario/opcao/ordenar",
		"comment": "Ordena a posicao de uma opcao",
		"owner": "questionario",
		"version": "1",
		"service" : "br.unb.administrativo.facade.questionario.OpcaoFacade:ordenar",
		"url": "/questionario/opcao/ordenar",
		"type": "POST",
		"APIkey":"true",
		"lang": "java"
	},
	{
	    "name": "/questionario/opcao/:id",
		"comment": "Altera uma opcao",
		"owner": "questionario",
		"version": "1",
		"service" : "br.unb.administrativo.facade.questionario.OpcaoFacade:update",
		"url": "/questionario/opcao/:id",
		"type": "PUT",
		"APIkey":"true",
		"lang": "java"
	},
	
	{
	    "name": "/questionario/opcao/:id",
		"comment": "Busca uma opcao por id",
		"owner": "questionario",
		"version": "1",
		"service" : "br.unb.administrativo.facade.questionario.OpcaoFacade:findById",
		"url": "/questionario/opcao/:id",
		"type": "GET",
		"APIkey":"true",
		"lang": "java"
	},
	
	{
	    "name": "/questionario/opcao",
		"comment": "Lista as opcaoes",
		"owner": "questionario",
		"version": "1",
		"service" : "br.unb.administrativo.facade.questionario.OpcaoFacade:find",
		"url": "/questionario/opcao",
		"type": "GET",
		"APIkey":"true",
		"lang": "java",
		"querystring": [
			{
				"name": "filter",
				"type": "string",
				"default" : "",
				"comment": "Filtro principal da pesquisa"
			},
			{
				"name": "fields",
				"type": "string",
				"default" : "",
				"comment": "Campos que devem ser retornados na pesquisa"
			},
			{
				"name": "offset",
				"type": "int",
				"default" : "0",
				"comment": "Limite inicial do paginador"
			},
			{
				"name": "limit",
				"type": "int",
				"default" : "10000",
				"comment": "Limite final do paginador"
			},
			{
				"name": "sort",
				"type": "string",
				"default" : "",
				"comment": "Campos que devem ser ordenados"
			}
		]
	},
	
	{
	    "name": "/questionario/opcao/:id",
		"comment": "Excluir uma opcao",
		"owner": "questionario",
		"version": "1",
		"service" : "br.unb.administrativo.facade.questionario.OpcaoFacade:delete",
		"url": "/questionario/opcao/:id",
		"type": "DELETE",
		"APIkey":"true",
		"lang": "java"
	},
	
	{
	    "name": "/questionario/opcao/:id/opcao",
		"comment": "Registra uma opcao para a opcao quando for de multipla escolha ou uma escolha",
		"owner": "questionario",
		"version": "1",
		"service" : "br.unb.administrativo.facade.questionario.OpcaoFacade:registraRespostaParaPergunta",
		"url": "/questionario/opcao/:id/opcao",
		"type": "POST",
		"APIkey":"true",
		"lang": "java"
	},
	
	{
	    "name": "/questionario/opcao/:id/opcao/:id_2",
		"comment": "Remover uma opcao da opcao",
		"owner": "questionario",
		"version": "1",
		"service" : "br.unb.administrativo.facade.questionario.OpcaoFacade:removeRespostaDaPergunta",
		"url": "/questionario/opcao/:id/opcao/:id_2",
		"type": "DELETE",
		"APIkey":"true",
		"lang": "java"
	},
	
	{
	    "name": "/questionario/opcao/:id/opcao",
		"comment": "Lista as opcaos da opcao quando for de multipla escolha ou uma escolha",
		"owner": "questionario",
		"version": "1",
		"service" : "br.unb.administrativo.facade.questionario.OpcaoFacade:listaRespostaDaPergunta",
		"url": "/questionario/opcao/:id/opcao",
		"type": "GET",
		"APIkey":"true",
		"lang": "java"
	},
	{
	    "name": "/questionario/opcao/exemplo_combo",
		"comment": "Lista uma combo de exemplo com id e descricao para montar a combo ",
		"owner": "questionario",
		"version": "1",
		"service" : "br.unb.administrativo.facade.questionario.OpcaoFacade:exemploComboServico",
		"url": "/questionario/opcao/exemplo_combo",
		"type": "GET",
		"APIkey":"true",
		"lang": "java"
	}
]
