[
	{
	    "name": "/questionario/categoria_pergunta",
		"comment": "Cria uma categoria de pergunta",
		"owner": "questionario",
		"version": "1",
		"service" : "br.unb.administrativo.facade.questionario.CategoriaPerguntaServiceFacade:insert",
		"url": "/questionario/categoria_pergunta",
		"type": "POST",
		"APIkey":"true",
		"lang": "java"
	},
	
	{
	    "name": "/questionario/categoria_pergunta/:id",
		"comment": "Altera uma categoria de pergunta",
		"owner": "questionario",
		"version": "1",
		"service" : "br.unb.administrativo.facade.questionario.CategoriaPerguntaServiceFacade:update",
		"url": "/questionario/categoria_pergunta/:id",
		"type": "PUT",
		"APIkey":"true",
		"lang": "java"
	},
	
	{
	    "name": "/questionario/categoria_pergunta/:id",
		"comment": "Busca uma categoria de pergunta por id",
		"owner": "questionario",
		"version": "1",
		"service" : "br.unb.administrativo.facade.questionario.CategoriaPerguntaServiceFacade:findById",
		"url": "/questionario/categoria_pergunta/:id",
		"host": "local",
		"type": "GET",
		"APIkey":"true",
		"lang": "java"
	},
	
	{
	    "name": "/questionario/categoria_pergunta",
		"comment": "Lista as categorias de pergunta",
		"owner": "questionario",
		"version": "1",
		"service" : "br.unb.administrativo.facade.questionario.CategoriaPerguntaServiceFacade:find",
		"url": "/questionario/categoria_pergunta",
		"host": "local",
		"type": "GET",
		"APIkey":"true",
		"lang": "java",
		"querystring": [
			{
				"name": "filter",
				"type": "string",
				"default" : "",
				"comment": "Filtro principal da pesquisa"
			},
			{
				"name": "fields",
				"type": "string",
				"default" : "",
				"comment": "Campos que devem ser retornados na pesquisa"
			},
			{
				"name": "offset",
				"type": "int",
				"default" : "0",
				"comment": "offset da pesquisa"
			},
			{
				"name": "limit",
				"type": "int",
				"default" : "10000",
				"comment": "limite do paginador"
			},
			{
				"name": "sort",
				"type": "string",
				"default" : "",
				"comment": "Campos que devem ser ordenados"
			}
		]
	},
	
	{
	    "name": "/questionario/categoria_pergunta/:id",
		"comment": "Excluir uma categoria de pergunta",
		"owner": "questionario",
		"version": "1",
		"service" : "br.unb.administrativo.facade.questionario.CategoriaPerguntaServiceFacade:delete",
		"url": "/questionario/categoria_pergunta/:id",
		"host": "local",
		"type": "DELETE",
		"APIkey":"true",
		"lang": "java"
	}
]
