[
	{
	    "name": "/questionario/resposta",
		"comment": "Cria uma resposta",
		"owner": "questionario",
		"version": "1",
		"service" : "br.unb.administrativo.facade.questionario.RespostaFacade:insert",
		"url": "/questionario/resposta",
		"type": "POST",
		"APIkey":"true",
		"lang": "java",
		"http_max_content_length": 20971522
	},
	
	{
	    "name": "/questionario/resposta/:id",
		"comment": "Altera uma resposta",
		"owner": "questionario",
		"version": "1",
		"service" : "br.unb.administrativo.facade.questionario.RespostaFacade:update",
		"url": "/questionario/resposta/:id",
		"type": "PUT",
		"APIkey":"true",
		"lang": "java",
		"http_max_content_length": 20971522
	},
	
	{
	    "name": "/questionario/resposta/:id",
		"comment": "Busca uma resposta por id",
		"owner": "questionario",
		"version": "1",
		"service" : "br.unb.administrativo.facade.questionario.RespostaFacade:findById",
		"url": "/questionario/resposta/:id",
		"type": "GET",
		"APIkey":"true",
		"lang": "java"
	},
	
	{
	    "name": "/questionario/resposta",
		"comment": "Lista as respostas",
		"owner": "questionario",
		"version": "1",
		"service" : "br.unb.administrativo.facade.questionario.RespostaFacade:find",
		"url": "/questionario/resposta",
		"type": "GET",
		"APIkey":"true",
		"lang": "java",
		"querystring": [
			{
				"name": "filter",
				"type": "string",
				"default" : "",
				"comment": "Filtro principal da pesquisa"
			},
			{
				"name": "fields",
				"type": "string",
				"default" : "",
				"comment": "Campos que devem ser retornados na pesquisa"
			},
			{
				"name": "offset",
				"type": "int",
				"default" : "0",
				"comment": "Limite inicial do paginador"
			},
			{
				"name": "limit",
				"type": "int",
				"default" : "10000",
				"comment": "Limite final do paginador"
			},
			{
				"name": "sort",
				"type": "string",
				"default" : "",
				"comment": "Campos que devem ser ordenados"
			},
			{
				"name": "id",
				"type": "int",
				"default" : "0",
				"comment": "Id do questionario"
			},
			{
				"name": "usuario",
				"type": "string",
				"default" : "0",
				"comment": "Usuario para filtrar"
			},
			{
				"name": "dtCriacao",
				"type": "string",
				"default" : "0",
				"comment": "Data de Criacao para filtrar"
			}
		]
	},
	{
	    "name": "/questionario/resposta/lista_respostas",
		"comment": "Filtra por uma lista de respostas",
		"owner": "questionario",
		"version": "1",
		"service" : "br.unb.administrativo.facade.questionario.RespostaFacade:filtrarPorListaRespostas",
		"url": "/questionario/resposta/lista_respostas",
		"type": "GET",
		"APIkey":"true",
		"lang": "java",
		"querystring": [
			{
				"name": "id",
				"type": "int",
				"default" : "0",
				"comment": "Id do questionario"
			},
			{
				"name": "filter",
				"type": "string",
				"default" : "",
				"comment": "Filtro principal da pesquisa"
			}

		]
	},
	
	{
	    "name": "/questionario/resposta/:id",
		"comment": "Excluir uma resposta",
		"owner": "questionario",
		"version": "1",
		"service" : "br.unb.administrativo.facade.questionario.RespostaFacade:delete",
		"url": "/questionario/resposta/:id",
		"type": "DELETE",
		"APIkey":"true",
		"lang": "java"
	},
	
	{
	    "name": "/questionario/resposta/:id/resposta",
		"comment": "Registra uma resposta para a resposta quando for de multipla escolha ou uma escolha",
		"owner": "questionario",
		"version": "1",
		"service" : "br.unb.administrativo.facade.questionario.RespostaFacade:registraRespostaParaPergunta",
		"url": "/questionario/resposta/:id/resposta",
		"type": "POST",
		"APIkey":"true",
		"lang": "java"
	},
	
	{
	    "name": "/questionario/resposta/:id/resposta/:id_2",
		"comment": "Remover uma resposta da resposta",
		"owner": "questionario",
		"version": "1",
		"service" : "br.unb.administrativo.facade.questionario.RespostaFacade:removeRespostaDaPergunta",
		"url": "/questionario/resposta/:id/resposta/:id_2",
		"type": "DELETE",
		"APIkey":"true",
		"lang": "java"
	},
	
	{
	    "name": "/questionario/resposta/:id/resposta",
		"comment": "Lista as respostas ",
		"owner": "questionario",
		"version": "1",
		"service" : "br.unb.administrativo.facade.questionario.RespostaFacade:listaRespostaDaPergunta",
		"url": "/questionario/resposta/:id/resposta",
		"type": "GET",
		"APIkey":"true",
		"lang": "java"
	},
	{
	    "name": "/questionario/resposta/completo/questionario/:id",
		"comment": "Recupera lista de  resposta com os respostasitens preenchidos tendo como parametro o idQuestionario",
		"owner": "questionario",
		"version": "1",
		"service" : "br.unb.administrativo.facade.questionario.RespostaFacade:recuperaRespostaCompletaQuestionario",
		"url": "/questionario/resposta/completo/questionario/:id",
		"type": "GET",
		"APIkey":"true",
		"lang": "java"
	},
	{
	    "name": "/questionario/resposta/completo/questionario_filtro/:id",
		"comment": "Recupera lista de  resposta com os respostasitens preenchidos tendo como parametro o idQuestionario mostrando somente campos filtros = true",
		"owner": "questionario",
		"version": "1",
		"service" : "br.unb.administrativo.facade.questionario.RespostaFacade:recuperaFiltroRespostaCompletaQuestionario",
		"url": "/questionario/resposta/completo/questionario_filtro/:id",
		"type": "GET",
		"APIkey":"true",
		"lang": "java"
	},
	{
	    "name": "/questionario/resposta/completo/:id",
		"comment": "Recupera a resposta com os respostasitens preenchidos tendo como parametro o idPergunta",
		"owner": "questionario",
		"version": "1",
		"service" : "br.unb.administrativo.facade.questionario.RespostaFacade:recuperaRespostaCompleta",
		"url": "/questionario/resposta/completo/:id",
		"type": "GET",
		"APIkey":"true",
		"lang": "java"
	},
	{
	    "name": "/questionario/resposta/inicial/:id",
		"comment": "Recupera a resposta inicial com os respostasitens preenchidos tendo como parametro o idQuestionario",
		"owner": "questionario",
		"version": "1",
		"service" : "br.unb.administrativo.facade.questionario.RespostaFacade:recuperaRespostaInicializada",
		"url": "/questionario/resposta/inicial/:id",
		"type": "GET",
		"APIkey":"true",
		"lang": "java",
		"querystring": [	
			{
				"name": "parametro",
				"type": "string",
				"default" : "",
				"comment": "Parametro metodo Inicializador"
			}			
		]
	},
	{
	    "name": "/questionario/resposta/nome_unico",
		"comment": "Recupera o valor de uma resposta pelo nome unico de uma pergunta",
		"owner": "questionario",
		"version": "1",
		"service" : "br.unb.administrativo.facade.questionario.RespostaFacade:valorRespostaPorNomeUnicoPergunta",
		"url": "/questionario/resposta/nome_unico",
		"type": "GET",
		"APIkey":"true",
		"lang": "java",
		"querystring": [	
			{
				"name": "id",
				"type": "int",
				"default" : "0",
				"comment": "Id da Resposta"
			},
			{
				"name": "nomePergunta",
				"type": "string",
				"default" : "",
				"comment": "Nome da Pergunta"
			}			
		]
	}
	
]
