[
	{
	    "name": "/questionario/exemplo_servico/opcoes",
		"comment": "Carrega uma lista de Opções",
		"owner": "questionario",
		"version": "1",
		"service" : "br.unb.administrativo.facade.questionario.QuestionarioExemploServicoFacade:exemploComboServico",
		"url": "/questionario/exemplo_servico/opcoes",
		"type": "GET",
		"APIkey":"true",
		"lang": "java"
	},
	{
	    "name": "/questionario/exemplo_servico/exemplovalidacaoservico",
		"comment": "Valida o cadastro de um professor",
		"owner": "questionario",
		"version": "1",
		"service" : "br.unb.administrativo.facade.questionario.QuestionarioExemploServicoFacade:exemploValidacaoServico",
		"url": "/questionario/exemplo_servico/exemplovalidacaoservico",
		"type": "POST",
		"APIkey":"true",
		"lang": "java"
	}

]
