[
	{
	    "name": "/questionario/questionario",
		"comment": "Cria um questionário",
		"owner": "questionario",
		"version": "1",
		"service" : "br.unb.administrativo.facade.questionario.QuestionarioFacade:insert",
		"url": "/questionario/questionario",
		"type": "POST",
		"APIkey":"true",
		"lang": "java"
	},
	
	{
	    "name": "/questionario/questionario/:id",
		"comment": "Altera um questionário",
		"owner": "questionario",
		"version": "1",
		"service" : "br.unb.administrativo.facade.questionario.QuestionarioFacade:update",
		"url": "/questionario/questionario/:id",
		"type": "PUT",
		"APIkey":"true",
		"lang": "java"
	},
	
	{
	    "name": "/questionario/questionario/:id",
		"comment": "Busca um questionário por id",
		"owner": "questionario",
		"version": "1",
		"service" : "br.unb.administrativo.facade.questionario.QuestionarioFacade:findById",
		"url": "/questionario/questionario/:id",
		"type": "GET",
		"APIkey":"true",
		"lang": "java"
	},
	
	{
	    "name": "/questionario/questionario",
		"comment": "Lista os questionarios disponíveis",
		"owner": "questionario",
		"version": "1",
		"service" : "br.unb.administrativo.facade.questionario.QuestionarioFacade:find",
		"url": "/questionario/questionario",
		"type": "GET",
		"APIkey":"true",
		"lang": "java",
		"querystring": [
			{
				"name": "filter",
				"type": "string",
				"default" : "",
				"comment": "Filtro principal da pesquisa"
			},
			{
				"name": "fields",
				"type": "string",
				"default" : "",
				"comment": "Campos que devem ser retornados na pesquisa"
			},
			{
				"name": "offset",
				"type": "int",
				"default" : "0",
				"comment": "offset da pesquisa"
			},
			{
				"name": "limit",
				"type": "int",
				"default" : "10000",
				"comment": "limite do paginador"
			},
			{
				"name": "sort",
				"type": "string",
				"default" : "",
				"comment": "Campos que devem ser ordenados"
			}
		]
	},
	
	{
	    "name": "/questionario/questionario/:id",
		"comment": "Excluir um questionário",
		"owner": "questionario",
		"version": "1",
		"service" : "br.unb.administrativo.facade.questionario.QuestionarioFacade:delete",
		"url": "/questionario/questionario/:id",
		"type": "DELETE",
		"APIkey":"true",
		"lang": "java"
	},
	
	{
	    "name": "/questionario/questionario/:id/pergunta",
		"comment": "Vincula uma pergunta ao questionário",
		"owner": "questionario",
		"version": "1",
		"service" : "br.unb.administrativo.facade.questionario.QuestionarioFacade:vinculaPerguntaAoQuestionario",
		"url": "/questionario/questionario/:id/pergunta",
		"type": "POST",
		"APIkey":"true",
		"lang": "java"
	},
	{
	    "name": "/questionario/questionario/completo",
		"comment": "Recupera o questionario com categorias, peguntas e respostas preenchidas pelo idQuestionario",
		"owner": "questionario",
		"version": "1",
		"service" : "br.unb.administrativo.facade.questionario.QuestionarioFacade:recuperaQuestionarioCompleto",
		"url": "/questionario/questionario/completo",
		"type": "GET",
		"APIkey":"true",
		"lang": "java",
		"querystring": [
			{
				"name": "id",
				"type": "int",
				"default" : "0",
				"comment": "Id do questionario"
			},	
			{
				"name": "nome",
				"type": "string",
				"default" : "",
				"comment": "Nome Unico do questionario"
			}			
		]
	},
	{
	    "name": "/questionario/questionario/completo_filtro/:id",
		"comment": "Recupera o questionario com categorias, peguntas e respostas preenchidas com os campos de filtro=true",
		"owner": "questionario",
		"version": "1",
		"service" : "br.unb.administrativo.facade.questionario.QuestionarioFacade:recuperaFiltroQuestionarioCompleto",
		"url": "/questionario/questionario/completo_filtro/:id",
		"type": "GET",
		"APIkey":"true",
		"lang": "java"
	},	
	{
	    "name": "/questionario/questionario/:id/pergunta/:id_2",
		"comment": "Desvincula uma pergunta de um questionário",
		"owner": "questionario",
		"version": "1",
		"service" : "br.unb.administrativo.facade.questionario.QuestionarioFacade:desvinculaPerguntaDoQuestionario",
		"url": "/questionario/questionario/:id/pergunta/:id_2",
		"type": "DELETE",
		"APIkey":"true",
		"lang": "java"
	},
	
	{
	    "name": "/questionario/questionario/:id/pergunta",
		"comment": "Lista perguntas vinculada ao questionário",
		"owner": "questionario",
		"version": "1",
		"service" : "br.unb.administrativo.facade.questionario.QuestionarioFacade:listaPerguntasVinculadaAoQuestionario",
		"url": "/questionario/questionario/:id/pergunta",
		"type": "GET",
		"APIkey":"true",
		"lang": "java"
	},
	{
	    "name": "/questionario/questionario/resposta",
		"comment": "Recupera os questionarios que o usuario logado pode responder",
		"owner": "questionario",
		"version": "1",
		"service" : "br.unb.administrativo.facade.questionario.QuestionarioFacade:recuperaQuestionarioParaResposta",
		"url": "/questionario/questionario/resposta",
		"type": "GET",
		"APIkey":"true",
		"lang": "java"
	}
]
