[
	{
	    "name": "/questionario/perfil_resposta",
		"comment": "Cria um perfil resposta",
		"owner": "questionario",
		"version": "1",
		"service" : "br.unb.administrativo.facade.questionario.PerfilRespostaFacade:insert",
		"url": "/questionario/perfil_resposta",
		"type": "POST",
		"APIkey":"true",
		"lang": "java"
	},
	{
	    "name": "/questionario/perfil_resposta",
		"comment": "Lista os perfis resposta",
		"owner": "questionario",
		"version": "1",
		"service" : "br.unb.administrativo.facade.questionario.PerfilRespostaFacade:find",
		"url": "/questionario/perfil_resposta",
		"type": "GET",
		"APIkey":"true",
		"lang": "java",
		"querystring": [
			{
				"name": "filter",
				"type": "string",
				"default" : "",
				"comment": "Filtro principal da pesquisa"
			},
			{
				"name": "fields",
				"type": "string",
				"default" : "",
				"comment": "Campos que devem ser retornados na pesquisa"
			},
			{
				"name": "offset",
				"type": "int",
				"default" : "0",
				"comment": "offset da pesquisa"
			},
			{
				"name": "limit",
				"type": "int",
				"default" : "10000",
				"comment": "limite do paginador"
			},
			{
				"name": "sort",
				"type": "string",
				"default" : "",
				"comment": "Campos que devem ser ordenados"
			}
		]
	},	
	{
	    "name": "/questionario/perfil_resposta/:id",
		"comment": "Altera um perfil resposta",
		"owner": "questionario",
		"version": "1",
		"service" : "br.unb.administrativo.facade.questionario.PerfilRespostaFacade:update",
		"url": "/questionario/perfil_resposta/:id",
		"type": "PUT",
		"APIkey":"true",
		"lang": "java"
	},
	{
	    "name": "/questionario/perfil_resposta/:id",
		"comment": "Busca um perfil resposta por id",
		"owner": "questionario",
		"version": "1",
		"service" : "br.unb.administrativo.facade.questionario.PerfilRespostaFacade:findById",
		"url": "/questionario/perfil_resposta/:id",
		"type": "GET",
		"APIkey":"true",
		"lang": "java"
	},
	{
	    "name": "/questionario/perfil_resposta/:id",
		"comment": "Excluir um perfil resposta",
		"owner": "questionario",
		"version": "1",
		"service" : "br.unb.administrativo.facade.questionario.PerfilRespostaFacade:delete",
		"url": "/questionario/perfil_resposta/:id",
		"type": "DELETE",
		"APIkey":"true",
		"lang": "java"
	}
]
