[
	{
	    "name": "/questionario/resposta_item_arquivo",
		"comment": "Cria uma resposta_item_arquivo",
		"owner": "questionario",
		"version": "1",
		"service" : "br.unb.administrativo.facade.questionario.RespostaItemArquivoFacade:insert",
		"url": "/questionario/resposta_item_arquivo",
		"type": "POST",
		"APIkey":"true",
		"lang": "java",
		"http_max_content_length": 20097152
	},
	{
	    "name": "/questionario/resposta_item_arquivo/:id",
		"comment": "Busca uma resposta_item_arquivo por id",
		"owner": "questionario",
		"version": "1",
		"service" : "br.unb.administrativo.facade.questionario.RespostaItemArquivoFacade:findById",
		"url": "/questionario/resposta_item_arquivo/:id",
		"type": "GET",
		"APIkey":"true",
		"lang": "java"
	},		
	{
	    "name": "/questionario/resposta_item_arquivo/:id",
		"comment": "Excluir uma resposta_item_arquivo",
		"owner": "questionario",
		"version": "1",
		"service" : "br.unb.administrativo.facade.questionario.RespostaItemArquivoFacade:delete",
		"url": "/questionario/resposta_item_arquivo/:id",
		"type": "DELETE",
		"APIkey":"true",
		"lang": "java"
	}
]