[
	{
	    "name": "/questionario/tipo_questionario",
		"comment": "Cria um tipo de questionário",
		"owner": "questionario",
		"version": "1",
		"service" : "br.unb.administrativo.facade.questionario.TipoQuestionarioFacade:insert",
		"url": "/questionario/tipo_questionario",
		"type": "POST",
		"APIkey":"true",
		"lang": "java"
	},
	
	{
	    "name": "/questionario/tipo_questionario/:id",
		"comment": "Altera um tipo de questionário",
		"owner": "questionario",
		"version": "1",
		"service" : "br.unb.administrativo.facade.questionario.TipoQuestionarioFacade:update",
		"url": "/questionario/tipo_questionario/:id",
		"type": "PUT",
		"APIkey":"true",
		"lang": "java"
	},
	
	{
	    "name": "/questionario/tipo_questionario/:id",
		"comment": "Busca um tipo de questionário por id",
		"owner": "questionario",
		"version": "1",
		"service" : "br.unb.administrativo.facade.questionario.TipoQuestionarioFacade:findById",
		"url": "/questionario/tipo_questionario/:id",
		"type": "GET",
		"APIkey":"true",
		"lang": "java"
	},
	
	{
	    "name": "/questionario/tipo_questionario",
		"comment": "Lista as perguntas",
		"owner": "questionario",
		"version": "1",
		"service" : "br.unb.administrativo.facade.questionario.TipoQuestionarioFacade:find",
		"url": "/questionario/tipo_questionario",
		"type": "GET",
		"APIkey":"true",
		"lang": "java",
		"querystring": [
			{
				"name": "filter",
				"type": "string",
				"default" : "",
				"comment": "Filtro principal da pesquisa"
			},
			{
				"name": "fields",
				"type": "string",
				"default" : "",
				"comment": "Campos que devem ser retornados na pesquisa"
			},
			{
				"name": "offset",
				"type": "int",
				"default" : "0",
				"comment": "offset da pesquisa"
			},
			{
				"name": "limit",
				"type": "int",
				"default" : "10000",
				"comment": "limite do paginador"
			},
			{
				"name": "sort",
				"type": "string",
				"default" : "",
				"comment": "Campos que devem ser ordenados"
			}
		]
	},
	
	{
	    "name": "/questionario/tipo_questionario/:id",
		"comment": "Excluir um tipo de questionário",
		"owner": "questionario",
		"version": "1",
		"service" : "br.unb.administrativo.facade.questionario.TipoQuestionarioFacade:delete",
		"url": "/questionario/tipo_questionario/:id",
		"type": "DELETE",
		"APIkey":"true",
		"lang": "java"
	}
]
