[
	{
	    "name": "/questionario/resposta_item",
		"comment": "Cria uma resposta_item",
		"owner": "questionario",
		"version": "1",
		"service" : "br.unb.administrativo.facade.questionario.RespostaItemFacade:insert",
		"url": "/questionario/resposta_item",
		"type": "POST",
		"APIkey":"true",
		"lang": "java"
	},
	
	{
	    "name": "/questionario/resposta_item/:id",
		"comment": "Altera uma resposta_item",
		"owner": "questionario",
		"version": "1",
		"service" : "br.unb.administrativo.facade.questionario.RespostaItemFacade:update",
		"url": "/questionario/resposta_item/:id",
		"type": "PUT",
		"APIkey":"true",
		"lang": "java"
	},
	
	{
	    "name": "/questionario/resposta_item/:id",
		"comment": "Busca uma resposta_item por id",
		"owner": "questionario",
		"version": "1",
		"service" : "br.unb.administrativo.facade.questionario.RespostaItemFacade:findById",
		"url": "/questionario/resposta_item/:id",
		"type": "GET",
		"APIkey":"true",
		"lang": "java"
	},
	
	{
	    "name": "/questionario/resposta_item",
		"comment": "Lista as resposta_items",
		"owner": "questionario",
		"version": "1",
		"service" : "br.unb.administrativo.facade.questionario.RespostaItemFacade:find",
		"url": "/questionario/resposta_item",
		"type": "GET",
		"APIkey":"true",
		"lang": "java",
		"querystring": [
			{
				"name": "filter",
				"type": "string",
				"default" : "",
				"comment": "Filtro principal da pesquisa"
			},
			{
				"name": "fields",
				"type": "string",
				"default" : "",
				"comment": "Campos que devem ser retornados na pesquisa"
			},
			{
				"name": "offset",
				"type": "int",
				"default" : "0",
				"comment": "Limite inicial do paginador"
			},
			{
				"name": "limit",
				"type": "int",
				"default" : "10000",
				"comment": "Limite final do paginador"
			},
			{
				"name": "sort",
				"type": "string",
				"default" : "",
				"comment": "Campos que devem ser ordenados"
			}
		]
	},
	
	{
	    "name": "/questionario/resposta_item/:id",
		"comment": "Excluir uma resposta_item",
		"owner": "questionario",
		"version": "1",
		"service" : "br.unb.administrativo.facade.questionario.RespostaItemFacade:delete",
		"url": "/questionario/resposta_item/:id",
		"type": "DELETE",
		"APIkey":"true",
		"lang": "java"
	}
]