[
	{
	    "name": "/editaldpg/inscricao/aluno",
		"comment": "Cria uma inscrição",
		"owner": "editaldpg",
		"version": "1",
		"service" : "br.unb.administrativo.facade.editaldpg.InscricaoAlunoDPGFacade:insert",
		"url": "/editaldpg/inscricao/aluno",
		"type": "POST",
		"APIkey":"true",
		"lang": "java"
	},
	
	{
	    "name": "/editaldpg/inscricao/aluno/:id",
		"comment": "Altera uma inscrição",
		"owner": "editaldpg",
		"version": "1",
		"service" : "br.unb.administrativo.facade.editaldpg.InscricaoAlunoDPGFacade:update",
		"url": "/editaldpg/inscricao/aluno/:id",
		"type": "PUT",
		"APIkey":"true",
		"lang": "java"
	},
	
	{
	    "name": "/editaldpg/inscricao/aluno/:id",
		"comment": "Busca uma inscrição por id",
		"owner": "editaldpg",
		"version": "1",
		"service" : "br.unb.administrativo.facade.editaldpg.InscricaoAlunoDPGFacade:findById",
		"url": "/editaldpg/inscricao/aluno/:id",
		"type": "GET",
		"APIkey":"true",
		"lang": "java"
	},
	
	{
	    "name": "/editaldpg/inscricao/aluno",
		"comment": "Lista Inscrições",
		"owner": "editaldpg",
		"version": "1",
		"service" : "br.unb.administrativo.facade.editaldpg.InscricaoAlunoDPGFacade:find",
		"url": "/editaldpg/inscricao/aluno",
		"type": "GET",
		"APIkey":"true",
		"lang": "java",
		"querystring": [
			{
				"name": "filter",
				"type": "string",
				"default" : "",
				"comment": "Filtro principal da pesquisa"
			},
			{
				"name": "fields",
				"type": "string",
				"default" : "",
				"comment": "Campos que devem ser retornados na pesquisa"
			},
			{
				"name": "offset",
				"type": "int",
				"default" : "0",
				"comment": "offset da pesquisa"
			},
			{
				"name": "limit",
				"type": "int",
				"default" : "10000",
				"comment": "limite do paginador"
			},
			{
				"name": "sort",
				"type": "string",
				"default" : "",
				"comment": "Campos que devem ser ordenados"
			}
		]
	},
	
	{
	    "name": "/editaldpg/inscricao/aluno/validacoes",
		"comment": "Lista as validações de uma inscrição Inscrições",
		"owner": "editaldpg",
		"version": "1",
		"service" : "br.unb.administrativo.facade.editaldpg.InscricaoAlunoDPGFacade:findValidacoes",
		"url": "/editaldpg/inscricao/aluno/validacoes",
		"type": "GET",
		"APIkey":"true",
		"lang": "java",
		"querystring": [
			{
				"name": "filter",
				"type": "string",
				"default" : "",
				"comment": "Filtro principal da pesquisa"
			},
			{
				"name": "fields",
				"type": "string",
				"default" : "",
				"comment": "Campos que devem ser retornados na pesquisa"
			},
			{
				"name": "offset",
				"type": "int",
				"default" : "0",
				"comment": "offset da pesquisa"
			},
			{
				"name": "limit",
				"type": "int",
				"default" : "10000",
				"comment": "limite do paginador"
			},
			{
				"name": "sort",
				"type": "string",
				"default" : "",
				"comment": "Campos que devem ser ordenados"
			}
		]
	},
	
	{
	    "name": "/editaldpg/inscricao/aluno/:id/inicializa",
		"comment": "Inicializa uma inscrição no edital do DPG",
		"owner": "sae",
		"version": "1",
		"service" : "br.unb.administrativo.facade.editaldpg.InscricaoAlunoDPGFacade:inicializa",
		"url": "/editaldpg/inscricao/aluno/:id/inicializa",
		"type": "GET",
		"result_cache": 0,
		"lang": "java"
	},
	{
	    "name": "/editaldpg/inscricao/aluno/:id/validacao",
		"comment": "Realiza validação de uma inscrição",
		"owner": "editaldpg",
		"version": "1",
		"service" : "br.unb.administrativo.facade.editaldpg.InscricaoAlunoDPGFacade:validacao",
		"url": "/editaldpg/inscricao/aluno/:id/validacao",
		"type": "PUT",
		"APIkey":"true",
		"lang": "java"
	},
	{
	    "name": "/editaldpg/inscricao/aluno/orcamento/:id",
		"comment": "Busca um orcamento de um determinado ano",
		"owner": "editaldpg",
		"version": "1",
		"service" : "br.unb.administrativo.facade.editaldpg.InscricaoAlunoDPGFacade:orcamento",
		"url": "/editaldpg/inscricao/aluno/orcamento/:id",
		"type": "GET",
		"APIkey":"true",
		"result_cache": 0,
		"lang": "java"
	}
]
