[	
	{
		"name" : "/academico/sipic/avaliacao",
		"comment": "Lista as Avaliacoes.",
		"owner": "unb_servicos",
		"version": "1.0.0",
		"service" : "br.unb.academico.facade.sipic.AvaliacaoFacade:find",
		"url": "/academico/sipic/avaliacao",
		"type": "GET",
		"lang": "java",
		"querystring": [
			{
				"name": "filter",
				"type": "string",
				"default" : "",
				"comment": "Filtro principal da pesquisa"
			},
			{
				"name": "fields",
				"type": "string",
				"default" : "",
				"comment": "Campos que devem ser retornados na pesquisa"
			},
			{
				"name": "offset",
				"type": "int",
				"default" : "0",
				"comment": "Limite inicial do paginador"
			},
			{
				"name": "limit",
				"type": "int",
				"default" : "100",
				"comment": "Limite final do paginador"
			},
			{
				"name": "sort",
				"type": "string",
				"default" : "",
				"comment": "Campos que devem ser ordenados"
			}
		]
	},
	{
		"name" : "/academico/sipic/avaliacao/carregarEdital/:id",
		"comment": "Obter perguntas e respostas para avaliacao por id da resposta",
		"owner": "unb_servicos",
		"version": "1.0.0",
		"service" : "br.unb.academico.facade.sipic.AvaliacaoFacade:carregarEdital",
		"url": "/academico/sipic/avaliacao/carregarEdital/:id",
		"type": "GET",
		"result_cache": 0,
		"lang" : "java"
	},
	{
		"name" : "/academico/sipic/avaliacao/carregarPlano/:id",
		"comment": "Obter perguntas e respostas para avaliacao de um conjunto de Plano de Trabalho por id da resposta",
		"owner": "unb_servicos",
		"version": "1.0.0",
		"service" : "br.unb.academico.facade.sipic.AvaliacaoFacade:carregarPlano",
		"url": "/academico/sipic/avaliacao/carregarPlano/:id",
		"type": "GET",
		"result_cache": 0,
		"lang" : "java"
	},
	{
		"name" : "/academico/sipic/avaliacao/:id",
		"comment": "Obter avaliacao por id",
		"owner": "unb_servicos",
		"version": "1.0.0",
		"service" : "br.unb.academico.facade.sipic.AvaliacaoFacade:findById",
		"url": "/academico/sipic/avaliacao/:id",
		"type": "GET",
		"lang" : "java"
	},
	{
	    "name": "/academico/sipic/avaliacao/:id",
		"comment": "Modifica avaliacao",
		"owner": "unb_servicos",
		"version": "1",
		"service" : "br.unb.academico.facade.sipic.AvaliacaoFacade:update",
		"url": "/academico/sipic/avaliacao/:id",
		"type": "PUT",	
		"lang": "java"
	},	
	{
	    "name": "/academico/sipic/avaliacao/",
		"comment": "Cria Avaliacao",
		"owner": "unb_servicos",
		"version": "1",
		"service" : "br.unb.academico.facade.sipic.AvaliacaoFacade:insert",
		"url": "/academico/sipic/avaliacao/",
		"type": "POST",		
		"lang": "java"
	},
	{
	    "name": "/academico/sipic/avaliacao/:id",
		"comment": "Excluir avaliacao",
		"owner": "unb_servicos",
		"version": "1",
		"service" : "br.unb.academico.facade.sipic.AvaliacaoFacade:delete",
		"url": "/academico/sipic/avaliacao/:id",
		"type": "DELETE",
		"lang": "java"
	},
	{
		"name" : "/academico/sipic/avaliacao/validarConcluir/:id",
		"comment": "Obter perguntas e respostas para avaliacao de um conjunto de Plano de Trabalho por id da resposta",
		"owner": "unb_servicos",
		"version": "1.0.0",
		"service" : "br.unb.academico.facade.sipic.AvaliacaoFacade:validarConcluir",
		"url": "/academico/sipic/avaliacao/validarConcluir/:id",
		"type": "GET",
		"result_cache": 0,
		"lang" : "java"
	}
]