[
	
	{
		"name" : "/academico/sipic/planotrabalho",
		"comment": "Lista os Planos de Trabalho.",
		"owner": "unb_servicos",
		"version": "1.0.0",
		"service" : "br.unb.academico.facade.sipic.PlanoTrabalhoFacade:find",
		"url": "/academico/sipic/planotrabalho",
		"type": "GET",
		"lang": "java",
		"querystring": [
			{
				"name": "filter",
				"type": "string",
				"default" : "",
				"comment": "Filtro principal da pesquisa"
			},
			{
				"name": "fields",
				"type": "string",
				"default" : "",
				"comment": "Campos que devem ser retornados na pesquisa"
			},
			{
				"name": "offset",
				"type": "int",
				"default" : "0",
				"comment": "Limite inicial do paginador"
			},
			{
				"name": "limit",
				"type": "int",
				"default" : "100",
				"comment": "Limite final do paginador"
			},
			{
				"name": "sort",
				"type": "string",
				"default" : "",
				"comment": "Campos que devem ser ordenados"
			}
		]
	},
	
	{
		"name" : "/academico/sipic/planotrabalho/:id",
		"comment": "Obter plano de trabalho por id",
		"owner": "unb_servicos",
		"version": "1.0.0",
		"service" : "br.unb.academico.facade.sipic.PlanoTrabalhoFacade:findById",
		"url": "/academico/sipic/planotrabalho/:id",
		"type": "GET",
		"lang" : "java"
	},
	
	{
	    "name": "/academico/sipic/planotrabalho/:id",
		"comment": "Modifica plano de trabalho",
		"owner": "unb_servicos",
		"version": "1",
		"service" : "br.unb.academico.facade.sipic.PlanoTrabalhoFacade:update",
		"url": "/academico/sipic/planotrabalho/:id",
		"type": "PUT",	
		"lang": "java"
	},	
	{
	    "name": "/academico/sipic/planotrabalho/",
		"comment": "Cadastrar Plano de Trabalho",
		"owner": "unb_servicos",
		"version": "1",
		"service" : "br.unb.academico.facade.sipic.PlanoTrabalhoFacade:insert",
		"url": "/academico/sipic/planotrabalho/",
		"type": "POST",		
		"lang": "java"
	},
	{
	    "name": "/academico/sipic/planotrabalho/:id",
		"comment": "Excluir Plano de Trabalho",
		"owner": "unb_servicos",
		"version": "1",
		"service" : "br.unb.academico.facade.sipic.PlanoTrabalhoFacade:delete",
		"url": "/academico/sipic/planotrabalho/:id",
		"type": "DELETE",
		"APIkey":"true",
		"lang": "java"
	},
	{
	    "name": "/academico/sipic/planotrabalho/:id/valida",
		"comment": "Valida se um aluno interno pode participar da bolsa",
		"owner": "unb_servicos",
		"version": "1",
		"service" : "br.unb.academico.facade.sipic.PlanoTrabalhoFacade:validaAluno",
		"url": "/academico/sipic/planotrabalho/:id/valida",
		"type": "GET",
		"result_cache": 0,
		"lang": "java"
	}
]