[
	{
		"name" : "atribuicoesFind",
		"comment": "Lista as atribuicoes das inscrições para os avaliadores",
		"owner": "unb_servicos",
		"version": "1.0.0",
		"service" : "br.unb.academico.facade.sipic.AtribuicaoFacade:find",
		"url": "/academico/sipic/atribuicao",
		"type": "GET",
		"lang": "java",
		"querystring": [
			{
				"name": "filter",
				"type": "string",
				"default" : "",
				"comment": "Filtro principal da pesquisa"
			},
			{
				"name": "fields",
				"type": "string",
				"default" : "",
				"comment": "Campos que devem ser retornados na pesquisa"
			},
			{
				"name": "offset",
				"type": "int",
				"default" : "0",
				"comment": "Limite inicial do paginador"
			},
			{
				"name": "limit",
				"type": "int",
				"default" : "100",
				"comment": "Limite final do paginador"
			},
			{
				"name": "sort",
				"type": "string",
				"default" : "",
				"comment": "Campos que devem ser ordenados"
			}
		]
	},
	{
	    "name": "atribuicoesInsert",
		"comment": "Inclui atribuições das inscrições para os avaliadores",
		"owner": "unb_servicos",
		"version": "1",
		"service" : "br.unb.academico.facade.sipic.AtribuicaoFacade:insert",
		"url": "/academico/sipic/atribuicao/",
		"type": "POST",		
		"lang": "java"
	},
	
	{
		"name" : "atribuicoesDelete",
		"comment": "Remover atribuições das inscrições para os avaliadores",
		"owner": "unb_servicos",
		"version": "1.0.0",
		"service" : "br.unb.academico.facade.sipic.AtribuicaoFacade:delete",
		"url": "/academico/sipic/atribuicao/:id",
		"type": "DELETE",
		"lang": "java",
		"content_type" : "json",
		"timeout": 10000
	},
	
	{
		"name" : "atribuicoesUpdate",
		"comment": "Atualizar atribuições das inscrições para os avaliadores",
		"owner": "unb_servicos",
		"version": "1.0.0",
		"service" : "br.unb.academico.facade.sipic.AtribuicaoFacade:update",
		"url": "/academico/sipic/atribuicao/:id",
		"type": "PUT",
		"lang": "java",
		"content_type" : "json",
		"authorization" : "public",
		"timeout": 10000		
	}
]