[
	{
		"name" : "/academico/sipic/inscricao",
		"comment": "Lista as incricoes.",
		"owner": "unb_servicos",
		"version": "1.0.0",
		"service" : "br.unb.academico.facade.sipic.InscricaoFacade:find",
		"url": "/academico/sipic/inscricao",
		"type": "GET",
		"lang": "java",
		"querystring": [
			{
				"name": "filter",
				"type": "string",
				"default" : "",
				"comment": "Filtro principal da pesquisa"
			},
			{
				"name": "fields",
				"type": "string",
				"default" : "",
				"comment": "Campos que devem ser retornados na pesquisa"
			},
			{
				"name": "offset",
				"type": "int",
				"default" : "0",
				"comment": "Limite inicial do paginador"
			},
			{
				"name": "limit",
				"type": "int",
				"default" : "100",
				"comment": "Limite final do paginador"
			},
			{
				"name": "sort",
				"type": "string",
				"default" : "",
				"comment": "Campos que devem ser ordenados"
			}
		]
	},
	
	{
		"name" : "/academico/sipic/inscricao/completo",
		"comment": "Lista as incricoes com area, departamento e título",
		"owner": "unb_servicos",
		"version": "1.0.0",
		"service" : "br.unb.academico.facade.sipic.InscricaoFacade:findCompleto",
		"url": "/academico/sipic/inscricao/completo",
		"type": "GET",
		"lang": "java",
		"querystring": [
			{
				"name": "filter",
				"type": "string",
				"default" : "",
				"comment": "Filtro principal da pesquisa"
			},
			{
				"name": "fields",
				"type": "string",
				"default" : "",
				"comment": "Campos que devem ser retornados na pesquisa"
			},
			{
				"name": "offset",
				"type": "int",
				"default" : "0",
				"comment": "Limite inicial do paginador"
			},
			{
				"name": "limit",
				"type": "int",
				"default" : "100",
				"comment": "Limite final do paginador"
			},
			{
				"name": "sort",
				"type": "string",
				"default" : "",
				"comment": "Campos que devem ser ordenados"
			}
		]
	},
	
	{
		"name" : "/academico/sipic/inscricao/resposta",
		"comment": "Lista as incricoes por Resposta Item.",
		"owner": "unb_servicos",
		"version": "1.0.0",
		"service" : "br.unb.academico.facade.sipic.InscricaoFacade:findByRespostaItem",
		"url": "/academico/sipic/inscricao/resposta",
		"type": "GET",
		"lang": "java",
		"querystring": [
			{
				"name": "filter",
				"type": "string",	
				"default" : "",
				"comment": "Filtro principal da pesquisa"
			},
			{
				"name": "fields",
				"type": "string",
				"default" : "",
				"comment": "Campos que devem ser retornados na pesquisa"
			},
			{
				"name": "offset",
				"type": "int",
				"default" : "0",
				"comment": "Limite inicial do paginador"
			},
			{
				"name": "limit",
				"type": "int",
				"default" : "100",
				"comment": "Limite final do paginador"
			},
			{
				"name": "sort",
				"type": "string",
				"default" : "",
				"comment": "Campos que devem ser ordenados"
			}
		]
	},
	{
		"name" : "/academico/sipic/inscricao/:id",
		"comment": "Obter inscricao por id",
		"owner": "unb_servicos",
		"version": "1.0.0",
		"service" : "br.unb.academico.facade.sipic.InscricaoFacade:findById",
		"url": "/academico/sipic/inscricao/:id",
		"type": "GET",
		"lang" : "java"
	},
	
	{
	    "name": "/academico/sipic/inscricao/:id",
		"comment": "Modifica inscricao",
		"owner": "unb_servicos",
		"version": "1",
		"service" : "br.unb.academico.facade.sipic.InscricaoFacade:update",
		"url": "/academico/sipic/inscricao/:id",
		"type": "PUT",	
		"lang": "java"
	},	
	{
	    "name": "/academico/sipic/inscricao/",
		"comment": "Cadastrar inscricao",
		"owner": "unb_servicos",
		"version": "1",
		"service" : "br.unb.academico.facade.sipic.InscricaoFacade:insert",
		"url": "/academico/sipic/inscricao/",
		"type": "POST",		
		"lang": "java"
	},	
	{
	    "name": "/academico/sipic/inscricao/inicializa",
		"comment": "Inicializa uma inscricao carregando todas as regras inierentes",
		"owner": "unb_servicos",
		"version": "1",
		"service" : "br.unb.academico.facade.sipic.InscricaoFacade:inicializa",
		"url": "/academico/sipic/inscricao/inicializa",
		"type": "GET",
		"result_cache": 0,
		"lang": "java"
	},
	{
	    "name": "/academico/sipic/inscricao/:id",
		"comment": "Excluir Inscricao",
		"owner": "unb_servicos",
		"version": "1",
		"service" : "br.unb.academico.facade.sipic.InscricaoFacade:delete",
		"url": "/academico/sipic/inscricao/:id",
		"type": "DELETE",
		"lang": "java"
	}
]