[
	{
		"name" : "AvaliadoresFind",
		"comment": "Lista os avaliadores do pibic",
		"owner": "unb_servicos",
		"version": "1.0.0",
		"service" : "br.unb.academico.facade.sipic.AvaliadorFacade:find",
		"url": "/academico/sipic/avaliadores",
		"type": "GET",
		"lang": "java",
		"querystring": [
			{
				"name": "filter",
				"type": "string",
				"default" : "",
				"comment": "Filtro principal da pesquisa"
			},
			{
				"name": "fields",
				"type": "string",
				"default" : "",
				"comment": "Campos que devem ser retornados na pesquisa"
			},
			{
				"name": "offset",
				"type": "int",
				"default" : "0",
				"comment": "Limite inicial do paginador"
			},
			{
				"name": "limit",
				"type": "int",
				"default" : "100",
				"comment": "Limite final do paginador"
			},
			{
				"name": "sort",
				"type": "string",
				"default" : "",
				"comment": "Campos que devem ser ordenados"
			}
		]
	},
	{
	    "name": "AvaliadoresInsert",
		"comment": "Inclui avaliador do pibic",
		"owner": "unb_servicos",
		"version": "1",
		"service" : "br.unb.academico.facade.sipic.AvaliadorFacade:insert",
		"url": "/academico/sipic/avaliadores/",
		"type": "POST",		
		"lang": "java"
	},
	
	{
		"name" : "AvaliadoresDelete",
		"comment": "Remover avaliador do pibic",
		"owner": "unb_servicos",
		"version": "1.0.0",
		"service" : "br.unb.academico.facade.sipic.AvaliadorFacade:delete",
		"url": "/academico/sipic/avaliadores/:id",
		"type": "DELETE",
		"lang": "java",
		"content_type" : "json",
		"timeout": 10000
	},
	
	{
		"name" : "AvaliadoresUpdate",
		"comment": "Atualizar avaliador do pibic",
		"owner": "unb_servicos",
		"version": "1.0.0",
		"service" : "br.unb.academico.facade.sipic.AvaliadorFacade:update",
		"url": "/academico/sipic/avaliadores/:id",
		"type": "PUT",
		"lang": "java",
		"content_type" : "json",
		"authorization" : "public",
		"timeout": 10000		
	}
]