[
	{
		"name" : "/administrativo/sitab/nivelAcademico",
		"comment": "Declaração de Nada Consta de débitos do SGI.",
		"owner": "unb_servicos",
		"version": "1.0.0",
		"service" : "br.unb.administrativo.facade.sitab.NivelAcademicoFacade:find",
		"url": "/administrativo/sitab/nivelAcademico",
		"type": "GET",
		"lang": "java",
		"content_type" : "json",
		"authorization" : "public",
		"timeout": 10000,		
		"querystring": [
			{
				"name": "filter",
				"type": "string",
				"default" : "",
				"comment": "Filtro principal da pesquisa"
			},
			{
				"name": "fields",
				"type": "string",
				"default" : "",
				"comment": "Campos que devem ser retornados na pesquisa"
			},
			{
				"name": "offset",
				"type": "int",
				"default" : "0",
				"comment": "Limite inicial do paginador"
			},
			{
				"name": "limit",
				"type": "int",
				"default" : "100",
				"comment": "Limite final do paginador"
			},
			{
				"name": "sort",
				"type": "string",
				"default" : "",
				"comment": "Campos que devem ser ordenados"
			}
		]
	}
]