[

	{
		"name": "redirect_url_agenda_telefone",
		"comment": "Redirect url /agenda/telefone to /administrativo/cpd/contato",
		"owner": "cpd",
		"version": "1.0.0",
		"service" : "ems_redirect_url_service:execute",
		"url": "/agenda/telefone",
		"redirect_url" : "/administrativo/cpd/contato",
		"type": "GET",
		"authorization" : "public",
		"cache_control" : "max-age=3600, public",
		"expires_minute" : 60,
		"lang" : "erlang"
	},


	{
		"name": "/administrativo/cpd/contato",
		"comment": "Pesquisar informações do contato",
		"owner": "cpd",
		"version": "1",
		"service": "br.unb.administrativo.facade.cpd.InformacoesContatoFacade:find",
		"url": "/administrativo/cpd/contato",
		"type": "GET",
		"authorization" : "public",
		"lang": "java",
		"result_cache" : 60000,
		"querystring": [
			{
				"name": "filter",
				"type": "string",
				"default" : "",
				"comment": "Filtro principal da pesquisa"
			},
			{
				"name": "fields",
				"type": "string",
				"default" : "",
				"comment": "Campos que devem ser retornados na pesquisa"
			},
			{
				"name": "offset",
				"type": "int",
				"default" : "0",
				"comment": "Limite inicial do paginador"
			},
			{
				"name": "limit",
				"type": "int",
				"default" : "100",
				"comment": "Limite final do paginador"
			},
			{
				"name": "sort",
				"type": "string",
				"default" : "",
				"comment": "Campos que devem ser ordenados"
			}
		]
	},
	{
		"name": "/administrativo/cpd/contato/:id",
		"comment": "Retorna informações do contato específico",
		"owner": "cpd",
		"version": "1",
		"service": "br.unb.administrativo.facade.cpd.InformacoesContatoFacade:findById",
		"url": "/administrativo/cpd/contato/:id",
		"type": "GET",
		"authorization" : "public",
		"lang": "java"
	},
	{
		"name": "/administrativo/cpd/contato/:id",
		"comment": "Modifica as informações do contato",
		"owner": "cpd",
		"version": "1",
		"service": "br.unb.administrativo.facade.cpd.InformacoesContatoFacade:update",
		"url": "/administrativo/cpd/contato/:id",
		"type": "PUT",
		"authorization" : "public",
		"lang": "java"
	},
	{
		"name": "/administrativo/cpd/contato",
		"comment": "Cadastrar as informações do contato",
		"owner": "cpd",
		"version": "1",
		"service": "br.unb.administrativo.facade.cpd.InformacoesContatoFacade:insert",
		"url": "/administrativo/cpd/contato",
		"type": "POST",
		"authorization" : "public",
		"lang": "java"
	},
	{
		"name": "/administrativo/cpd/contato/:id",
		"comment": "Excluir as informações do contato",
		"owner": "cpd",
		"version": "1",
		"service": "br.unb.administrativo.facade.cpd.InformacoesContatoFacade:delete",
		"url": "/administrativo/cpd/contato/:id",
		"type": "DELETE",
		"authorization" : "public",
		"lang": "java"
	}
]
