[
	{
		"name": "/administrativo/local",
		"comment": "Pesquisar local",
		"owner": "administrativo",
		"version": "1",
		"service": "br.unb.administrativo.facade.cpd.LocalFacade:find",
		"url": "/administrativo/local",
		"type": "GET",
		"lang": "java",
		"querystring": [
			{
				"name": "filter",
				"type": "string",
				"default" : "",
				"comment": "Filtro principal da pesquisa"
			},
			{
				"name": "fields",
				"type": "string",
				"default" : "",
				"comment": "Campos que devem ser retornados na pesquisa"
			},
			{
				"name": "offset",
				"type": "int",
				"default" : "0",
				"comment": "Limite inicial do paginador"
			},
			{
				"name": "limit",
				"type": "int",
				"default" : "100",
				"comment": "Limite final do paginador"
			},
			{
				"name": "sort",
				"type": "string",
				"default" : "",
				"comment": "Campos que devem ser ordenados"
			}
		]
	},
	{
		"name": "/administrativo/local/:id",
		"comment": "Retorna local específico",
		"owner": "administrativo",
		"version": "1",
		"service": "br.unb.administrativo.facade.cpd.LocalFacade:findById",
		"url": "/administrativo/local/:id",
		"type": "GET",
		"lang": "java"
	},
	{
		"name": "/administrativo/local/:id",
		"comment": "Modifica local",
		"owner": "administrativo",
		"version": "1",
		"service": "br.unb.administrativo.facade.cpd.LocalFacade:update",
		"url": "/administrativo/local/:id",
		"type": "PUT",
		"lang": "java"
	},
	{
		"name": "/administrativo/local",
		"comment": "Cadastrar local",
		"owner": "administrativo",
		"version": "1",
		"service": "br.unb.administrativo.facade.cpd.LocalFacade:insert",
		"url": "/administrativo/local",
		"type": "POST",
		"lang": "java"
	},
	{
		"name": "/administrativo/local/:id",
		"comment": "Excluir local",
		"owner": "administrativo",
		"version": "1",
		"service": "br.unb.administrativo.facade.cpd.LocalFacade:delete",
		"url": "/administrativo/local/:id",
		"type": "DELETE",
		"lang": "java"
	}
]
