[
	{
		"name": "/administrativo/reserva",
		"comment": "Pesquisar reserva",
		"owner": "administrativo",
		"version": "1",
		"service": "br.unb.administrativo.facade.cpd.ReservaFacade:find",
		"url": "/administrativo/reserva",
		"type": "GET",
		"lang": "java",
		"querystring": [
			{
				"name": "filter",
				"type": "string",
				"default" : "",
				"comment": "Filtro principal da pesquisa"
			},
			{
				"name": "fields",
				"type": "string",
				"default" : "",
				"comment": "Campos que devem ser retornados na pesquisa"
			},
			{
				"name": "offset",
				"type": "int",
				"default" : "0",
				"comment": "Limite inicial do paginador"
			},
			{
				"name": "limit",
				"type": "int",
				"default" : "100",
				"comment": "Limite final do paginador"
			},
			{
				"name": "sort",
				"type": "string",
				"default" : "",
				"comment": "Campos que devem ser ordenados"
			}
		]
	},
	{
		"name": "/administrativo/reserva/:id",
		"comment": "Retorna reserva específico",
		"owner": "administrativo",
		"version": "1",
		"service": "br.unb.administrativo.facade.cpd.ReservaFacade:findById",
		"url": "/administrativo/reserva/:id",
		"type": "GET",
		"lang": "java"
	},
	{
		"name": "/administrativo/reserva/:id",
		"comment": "Modifica reserva",
		"owner": "administrativo",
		"version": "1",
		"service": "br.unb.administrativo.facade.cpd.ReservaFacade:update",
		"url": "/administrativo/reserva/:id",
		"type": "PUT",
		"lang": "java"
	},
	{
		"name": "/administrativo/reserva",
		"comment": "Cadastrar reserva",
		"owner": "administrativo",
		"version": "1",
		"service": "br.unb.administrativo.facade.cpd.ReservaFacade:insert",
		"url": "/administrativo/reserva",
		"type": "POST",
		"lang": "java"
	},
	{
		"name": "/administrativo/reserva/:id",
		"comment": "Excluir reserva",
		"owner": "administrativo",
		"version": "1",
		"service": "br.unb.administrativo.facade.cpd.ReservaFacade:delete",
		"url": "/administrativo/reserva/:id",
		"type": "DELETE",
		"lang": "java"
	}
]
