[
	{
		"name" : "/pessoal/documento",
		"comment": "Lista os documentos existentes.",
		"owner": "unb_servicos",
		"version": "1.0.0",
		"service" : "br.unb.pessoal.facade.DocumentoFacade:find",
		"url": "/pessoal/documento",
		"type": "GET",
		"lang": "java",
		"timeout" : 10000,
		"querystring": [
			{
				"name": "filter",
				"type": "string",
				"default" : "",
				"comment": "Filtro principal da pesquisa"
			},
			{
				"name": "fields",
				"type": "string",
				"default" : "",
				"comment": "Campos que devem ser retornados na pesquisa"
			},
			{
				"name": "offset",
				"type": "int",
				"default" : "0",
				"comment": "offset da pesquisa"
			},
			{
				"name": "limit",
				"type": "int",
				"default" : "100",
				"comment": "limite do paginador"
			},
			{
				"name": "sort",
				"type": "string",
				"default" : "",
				"comment": "Campos que devem ser ordenados"
			}
		]
	},

	{
		"name" : "/pessoal/documento/:id",
		"comment": "Obter documento por id",
		"owner": "unb_servicos",
		"version": "1.0.0",
		"service" : "br.unb.pessoal.facade.DocumentoFacade:findById",
		"url": "/pessoal/documento/:id",
		"type": "GET",
		"lang" : "java"
	},

	{
		"name" : "/pessoal/documento",
		"comment": "Cadastrar documento",
		"owner": "unb_servicos",
		"version": "1.0.0",
		"service" : "br.unb.pessoal.facade.DocumentoFacade:insert",
		"url": "/pessoal/documento",
		"type": "POST",
		"lang" : "java"
	},	

	{
		"name" : "/pessoal/documento/:id",
		"comment": "Atualizar documento por id",
		"owner": "unb_servicos",
		"version": "1.0.0",
		"service" : "br.unb.pessoal.facade.DocumentoFacade:update",
		"url": "/pessoal/documento/:id",
		"http_max_content_length": 5242880,
		"type": "PUT",	
		"lang" : "java"
	},
	{
		"name" : "/pessoal/documentoexigido",
		"comment": "Lista os documentos exigidos.",
		"owner": "unb_servicos",
		"version": "1.0.0",
		"service" : "br.unb.pessoal.facade.DocumentoFacade:findAllTiposDocumentos",
		"url": "/pessoal/documentoexigido",
		"type": "GET",
		"lang": "java",
		"timeout" : 10000,
		"querystring": [
			{
				"name": "filter",
				"type": "string",
				"default" : "",
				"comment": "Filtro principal da pesquisa"
			},
			{
				"name": "fields",
				"type": "string",
				"default" : "",
				"comment": "Campos que devem ser retornados na pesquisa"
			},
			{
				"name": "offset",
				"type": "int",
				"default" : "0",
				"comment": "offset da pesquisa"
			},
			{
				"name": "limit",
				"type": "int",
				"default" : "100",
				"comment": "limite do paginador"
			},
			{
				"name": "sort",
				"type": "string",
				"default" : "",
				"comment": "Campos que devem ser ordenados"
			}
		]
	}
]
