[
	{
		"name" : "/pessoal/pessoa/:id/declaracao/servidor",
		"comment": "Declaração que a pessoa é servidor da Unb (tecnico ou docente).",
		"owner": "unb_servicos",
		"version": "1.0.0",
		"service" : "br.unb.pessoal.facade.PessoaFacade:buscaDeclaracaoServidorUnb",
		"url": "/pessoal/pessoa/:id/declaracao/servidor",
		"type": "GET",
		"lang": "java"
	},
	
	{
		"name" : "/pessoal/pessoa/:id/declaracao/servidor/pdf",
		"comment": "Declaração que a pessoa é servidor da Unb (tecnico ou docente).",
		"owner": "unb_servicos",
		"version": "1.0.0",
		"service" : "br.unb.pessoal.facade.PessoaFacade:buscaDeclaracaoServidorUnbPdf",
		"url": "/pessoal/pessoa/:id/declaracao/servidor/pdf",
		"type": "GET",
		"lang": "java",
		"content_type" : "application/pdf",
		"timeout": 10000
	}
]
