[	
	{
	    "name": "/administrativo/acesso/perfil",
		"comment": "Lista os perfis",
		"owner": "questionario",
		"version": "1",
		"service" : "br.unb.administrativo.facade.acesso.PerfilFacade:find",
		"url": "/administrativo/acesso/perfil",
		"type": "GET",
		"APIkey":"true",
		"lang": "java",
		"querystring": [
			{
				"name": "filter",
				"type": "string",
				"default" : "",
				"comment": "Filtro principal da pesquisa"
			},
			{
				"name": "fields",
				"type": "string",
				"default" : "",
				"comment": "Campos que devem ser retornados na pesquisa"
			},
			{
				"name": "offset",
				"type": "int",
				"default" : "0",
				"comment": "offset da pesquisa"
			},
			{
				"name": "limit",
				"type": "int",
				"default" : "10000",
				"comment": "limite do paginador"
			},
			{
				"name": "sort",
				"type": "string",
				"default" : "",
				"comment": "Campos que devem ser ordenados"
			}
		]
	},	
	
	{
	    "name": "/administrativo/acesso/perfil/:id",
		"comment": "Carrega um perfil de um id específico",
		"owner": "questionario",
		"version": "1",
		"service" : "br.unb.administrativo.facade.acesso.PerfilFacade:findById",
		"url": "/administrativo/acesso/perfil/:id",
		"type": "GET",
		"APIkey":"true",
		"lang": "java"
	}
		
]
