[	
	{
	    "name": "/acesso/acesso_perfil",
		"comment": "Carrega os perfis de um usuario pelo login do usuario",
		"owner": "questionario",
		"version": "1",
		"service" : "br.unb.administrativo.facade.acesso.AcessoPerfilFacade:listaPerfisPorLoginUsuario",
		"url": "/acesso/acesso_perfil",
		"type": "GET",
		"APIkey":"true",
		"lang": "java"
	},
	{
	    "name": "/acesso/acesso_perfil/:id",
		"comment": "Carrega os perfis de um usuario pelo login do usuario e id de um sistema",
		"owner": "questionario",
		"version": "1",
		"service" : "br.unb.administrativo.facade.acesso.AcessoPerfilFacade:listaPerfisPorLoginUsuarioIdSistema",
		"url": "/acesso/acesso_perfil/:id",
		"type": "GET",
		"APIkey":"true",
		"lang": "java"
	}
		
]
